"","studyID","Case.study","zcor.ECD.LD","var.zcor.ECD.LD","n.replicate.LD","LD.metric","LD.unit","study_type","experiment_type","system","ecosystem","country","exp_duration","litter.species","litter.type","meshsize..mm.","ECD_subcategory","ECD_identity","ECD_mixture","ECD_mixture_identity_type","ECD_intensity_norm_max","ECD_intensity_norm_min","ECD_magnitude","ES_origin","k_rate_imputation_M1","zcor.ECD.LDd","var.zcor.ECD.LDd","n.replicate.LDd"
"1",34,34.1,-1.12702902604969,0.0144927536231884,72,"rate (k)","d-1","observational","field","aquatic","stream","France",21,"Alnus glutinosa","broad leaves","9","pesticides","pesticide mixture","yes","stressors",-1.8,-5.6,3.8,"Correlation","SD not imputed",NA,NA,NA
"2",34,34.1,0.130739850028878,0.0144927536231884,72,"rate (k)","d-1","observational","field","aquatic","stream","France",21,"Alnus glutinosa","broad leaves","0.5","pesticides","pesticide mixture","yes","stressors",0.8,-4.89,5.69,"Correlation","SD not imputed",NA,NA,NA
"3",25,25.1,0.173570164140982,0.00952380952380952,108,"rate (k)","d-1","observational","field","aquatic","boreal stream","Sweden",34,"Alnus glutinosa","broad leaves","5","nutrient enrichment","DIN","yes","stressors, resources",-0.752880039971948,-5.1892834455239,4.43640340555195,"Correlation","SD not imputed",NA,NA,NA
"4",42,42.1,-0.259937866708111,0.0666666666666667,18,"mass loss","ratio","observational","field","aquatic","stream","Italy",21,"Alder; Oak; white hornbeam","leaves and twigs","10","wastewater","NH4","yes","stressors, resources",3.44922535067274,-2.55876849838646,6.0079938490592,"Correlation","SD not imputed",NA,NA,NA
"5",42,42.1,0.576533775760138,0.0666666666666667,18,"mass loss","ratio","observational","field","aquatic","stream","Italy",21,"Prunus laurocerasus","leaves and twigs","10","wastewater","NH4","yes","stressors, resources",3.44922535067274,-2.55876849838646,6.0079938490592,"Correlation","SD not imputed",NA,NA,NA
"6",42,42.1,-0.214453287054584,0.0666666666666667,18,"mass loss","ratio","observational","field","aquatic","stream","Italy",21,"Robinia pseudoacacia","leaves and twigs","10","wastewater","NH4","yes","stressors, resources",3.44922535067274,-2.55876849838646,6.0079938490592,"Correlation","SD not imputed",NA,NA,NA
"7",47,47.1,-1.04174682703602,0.00980392156862745,105,"rate (k)","d-1","observational","field","aquatic","Mountain stream","USA",171,"Salix spp.","broad leaves","5","metals","Zn","yes","stressors",2.87734225760583,0.342004754190939,2.53533750341489,"Correlation","SD not imputed",NA,NA,NA
"8",96,96.1,-0.574435241027575,0.0769230769230769,16,"dry mass remaining","%","experimental","microcosm","aquatic","stream","Portugal",40,"Alnus glutinosa","leaf discs",NA,"metals","Zn","no",NA,6.16586647676387,-5.1892834455239,11.3551499222878,"Correlation","SD approximated",NA,NA,NA
"9",98,98.1,-0.422361380827224,0.0072992700729927,140,"rate (k)","d-1","observational","field","aquatic","stream","Portugal",77,"Alnus glutinosa","broad leaves","0.5","nutrient enrichment","NH4","yes","stressors, resources",4.5173220954149,-3.65738078705457,8.17470288246947,"Correlation","SD not imputed",NA,NA,NA
"10",98,98.2,-0.819249732335118,0.0072992700729927,140,"rate (k)","d-1","observational","field","aquatic","stream","France",77,"Alnus glutinosa","broad leaves","0.5","nutrient enrichment","NH4","yes","stressors, resources",3.14501397626975,-1.78557861015297,4.93059258642272,"Correlation","SD not imputed",NA,NA,NA
"11",101,101.1,-0.51876495460604,0.0175438596491228,60,"rate (k)","d-1","observational","field","aquatic","stream","Portugal",28,"Chestnut","broad leaves","5","eutrophication","NH4","yes","stressors, resources",3.13271644845934,-3.65738078705457,6.79009723551391,"Correlation","SD not imputed",NA,NA,NA
"12",119,119.1,0.157989410121141,0.111111111111111,12,"mass loss","%","experimental","laboratory","aquatic","stream","Portugal",1,"Alnus glutinosa","leaf discs",NA,"nutrient enrichment","SRP","no",NA,2.73111547403321,-5.1892834455239,7.92039891955711,"Correlation","SD not imputed",NA,NA,NA
"13",119,119.1,-1.03077420353712,0.111111111111111,12,"mass loss","%","experimental","laboratory","aquatic","stream","Portugal",35,"Alnus glutinosa","leaf discs",NA,"metals","Zn","no",NA,6.16484658886313,-5.1892834455239,11.354130034387,"Correlation","SD not imputed",NA,NA,NA
"14",123,123.1,-0.175894359220997,0.0121951219512195,85,"rate (k)","d-1","observational","field","aquatic","streams","Germany",19,"Alnus glutinosa","broad leaves","0.25","pesticides","pesticide mixture","yes","stressors, resources",0.532587115547503,-1.05664808956908,1.58923520511658,"Correlation","SD not imputed",NA,NA,NA
"15",123,123.1,-0.0860964118610402,0.0140845070422535,74,"rate (k)","d-1","observational","field","aquatic","streams","Germany",19,"Alnus glutinosa","broad leaves","8","pesticides","pesticide mixture","yes","stressors, resources",0.57500693825572,-2.09286456201198,2.6678715002677,"Correlation","SD not imputed",NA,NA,NA
"16",129,129.1,0.22805418117739,0.0103092783505155,100,"rate (k)","d-1","experimental","field","aquatic","stream","Portugal",94.5,"Ochroma pyramidale","wood/veneer","10","nutrient enrichment","NO3","no",NA,-1.13046498721933,-3.6954143445996,2.56494935738027,"Correlation","SD not imputed",NA,NA,NA
"17",129,129.1,0.569521714674825,0.0103092783505155,100,"rate (k)","d-1","experimental","field","aquatic","stream","Portugal",35,"Alnus glutinosa","broad leaves","10","nutrient enrichment","NO3","no",NA,-1.13046498721933,-3.6954143445996,2.56494935738027,"Correlation","SD not imputed",NA,NA,NA
"18",129,129.1,0.574514756637783,0.0103092783505155,100,"rate (k)","d-1","experimental","field","aquatic","stream","Portugal",94.5,"Quercus robur","broad leaves","10","nutrient enrichment","NO3","no",NA,-1.13046498721933,-3.6954143445996,2.56494935738027,"Correlation","SD not imputed",NA,NA,NA
"19",157,157.1,0.697447534703529,0.00709219858156028,144,"rate (k)","d-1","observational","field","aquatic","stream","USA",147,"red maple","broad leaves","4","nutrient enrichment","SRP","yes","stressors, resources",-2.14849155765665,-2.95286437332682,0.80437281567017,"Correlation","SD not imputed",NA,NA,NA
"20",180,180.1,-0.824864684656284,0.00980392156862745,105,"rate (k)","d-1","observational","field","aquatic","stream","USA",56,"Acer saccharinum","broad leaves","10","acid mine drainage","Al","yes","stressors",3.60811809746948,0.321583624127462,3.28653447334202,"Correlation","SD not imputed",NA,NA,NA
"21",203,203.1,-1.34071032044787,0.0196078431372549,54,"rate (k)","d-1","observational","field","aquatic","stream","France",27,"Alnus glutinosa","broad leaves","10","eutrophication","NH4","yes","stressors, resources",1.61073507076035,-1.80892597414997,3.41966104491032,"Correlation","SD not imputed",NA,NA,NA
"22",213,213.1,-0.474722808968374,0.00350877192982456,288,"rate (k)","d-1","observational","field","aquatic","estuary","Portugal",30,"Fucus vesiculosus","algae cut in 8 cm long fragments","5","metals","Hg","yes","stressors",2.00143640728089,-5.1892834455239,7.19071985280479,"Correlation","SD not imputed",NA,NA,NA
"23",213,213.1,-0.199218119222792,0.00350877192982456,288,"rate (k)","d-1","observational","field","aquatic","estuary","Portugal",30,"Phragmites australis","broad leaves cut in 8 cm long fragments","5","metals","Hg","yes","stressors",2.00143640728089,-5.1892834455239,7.19071985280479,"Correlation","SD not imputed",NA,NA,NA
"24",215,215.1,0.286667960195335,0.0144927536231884,72,"rate (k)","d-1","observational","field","terrestrial","forest (brownfield)","France",283,"Populus tremula","broad leaves without petioles","5","metals","Pb","yes","stressors",6.30787328773879,0.277801963852074,6.03007132388672,"Correlation","SD not imputed",NA,NA,NA
"25",215,215.1,0.900932372419048,0.0144927536231884,72,"rate (k)","d-1","observational","field","terrestrial","forest (brownfield)","France",283,"Populus tremula","broad leaves without petioles","5","metals","Pb","yes","stressors",6.30787328773879,0.277801963852074,6.03007132388672,"Correlation","SD not imputed",NA,NA,NA
"26",215,215.1,0.949927299488322,0.0144927536231884,72,"rate (k)","d-1","observational","field","terrestrial","forest (brownfield)","France",283,"Populus tremula","broad leaves without petioles","5","metals","Pb","yes","stressors",6.30787328773879,0.277801963852074,6.03007132388672,"Correlation","SD not imputed",NA,NA,NA
"27",252,252.1,-1.61987015782218,0.0666666666666667,18,"mass loss","%","experimental","microcosms","aquatic","stream","Portugal",24,"Alnus glutinosa","leaf discs","0.5","metals","Cd","no",NA,10.0725638825801,-5.1892834455239,15.261847328104,"Correlation","SD not imputed",NA,NA,NA
"28",254,254.1,-0.641154939804932,0.0185185185185185,57,"rate (k) invertebrates","d-1","observational","field","aquatic","stream","Germany",21,"Birch","broad leaves","coarse","pesticides","pesticide mixture","yes","stressors, resources",0.566395474920802,-1.43508452528932,2.00148000021012,"Correlation","SD not imputed",NA,NA,NA
"29",275,275.1,1.29927541693441,0.0114942528735632,90,"rate (k)","d-1","observational","field","aquatic","river","Portugal",35,"Alnus glutinosa","broad leaves","0.5","wastewater","SRP","yes","stressors, resources",2.00148000021012,-0.105360515657826,2.10684051586795,"Correlation","SD not imputed",NA,NA,NA
"30",275,275.1,1.71745603432576,0.0114942528735632,90,"rate (k)","d-1","observational","field","aquatic","river","Portugal",35,"Alnus glutinosa","broad leaves","10","wastewater","SRP","yes","stressors, resources",2.00148000021012,-0.105360515657826,2.10684051586795,"Correlation","SD not imputed",NA,NA,NA
"31",279,279.1,-0.177005109601303,0.00680272108843537,150,"rate (k)","%AFDM.d-1","observational","field","aquatic","stream","Spain",58,"Alnus glutinosa","broad leaves","5","eutrophication","SRP","yes","resource",0.588651227843739,-0.785472597727358,1.3741238255711,"Correlation","SD not imputed",NA,NA,NA
"32",289,289.1,-1.07908458255535,0.00564971751412429,180,"rate (k)","d-1","observational","field","aquatic","stream","France",66,"Fagus sylvatica","broad leaves","6","nutrient enrichment","NH4","yes","stressors, resources",0.785270469435751,-0.458707669503884,1.24397813893963,"Correlation","SD not imputed",NA,NA,NA
"33",317,317.1,0.402451217262343,0.0277777777777778,39,"rate (k) invertebrates","d-1","observational","field","aquatic","stream","Finland",21,"Alnus glutinosa","broad leaves","6","pesticides","pesticide mixture","yes","stressors, resources",-0.514005276683371,-1.25276296849537,0.738757691811999,"Correlation","SD not imputed",NA,NA,NA
"34",317,317.2,-0.451052118281448,0.0222222222222222,48,"rate (k) invertebrates","d-1","observational","field","aquatic","stream","France",21,"Alnus glutinosa","broad leaves","6","pesticides","pesticide mixture","yes","stressors, resources",0.902867711542014,-1.25276296849537,2.15563068003738,"Correlation","SD not imputed",NA,NA,NA
"35",326,326.1,0.57341165647538,0.00421940928270042,240,"rate (k)","d-1","observational","field","aquatic","stream","USA, Alaska",56,"Calamagrostis canadensis","grass",NA,"nutrient enrichment","SRP","yes","resource",0.477320545208592,-0.549635754553082,1.02695629976167,"Correlation","SD not imputed",NA,NA,NA
"36",374,374.1,-0.189154308816527,0.0222222222222222,48,"rate (k)","d-1","observational","field","aquatic","stream","USA",35,"Red maple","broad leaves","10","metals","Zn","yes","stressors",5.80618929421006,0.670415774876332,5.13577351933373,"Correlation","SD not imputed",NA,NA,NA
"37",4,4.1,0.117389694886601,0.0476190476190476,24,"rate (k)","d-1","experimental","mesocosm","aquatic","lagoon","Portugal",84,"Alnus glutinosa","broad leaves","5","pesticides","fungicide: pyrimethanil","no",NA,2.85597033117883,-5.1892834455239,8.04525377670273,"Hedge's d","SD not imputed",NA,NA,NA
"38",52,52.1,-3.07161387457385,0.333333333333333,6,"dry mass remaining","%","observational","field","aquatic","stream","USA",102,"Red maple","broad leaves","10","metals","As","no",NA,3.73686343259714,-0.463868640678219,4.20073207327536,"Hedge's d","SD imputed",NA,NA,NA
"39",52,52.1,-2.44514019122284,0.333333333333333,6,"dry mass remaining","%","observational","field","aquatic","stream","USA",144,"White oak","broad leaves","10","metals","As","no",NA,3.73686343259714,-0.463868640678219,4.20073207327536,"Hedge's d","SD imputed",NA,NA,NA
"40",70,70.1,-0.486433181297483,0.0769230769230769,16,"mass loss","g","experimental","field","terrestrial","agricultural field","UK",365,"ryegrass","grass","10","metals","Zn","yes","stressors, resources",1.72597172869005,0.650831796207084,1.07513993248297,"Hedge's d","SD not imputed",NA,NA,NA
"41",70,70.1,-0.722382206069831,0.0769230769230769,16,"mass loss","g","experimental","field","terrestrial","agricultural field","UK",365,"ryegrass","grass","10","metals","Zn","yes","stressors, resources",2.3625485577616,0.650831796207084,1.71171676155452,"Hedge's d","SD not imputed",NA,NA,NA
"42",70,70.1,-0.537676829708585,0.0769230769230769,16,"mass loss","g","experimental","field","terrestrial","agricultural field","UK",365,"ryegrass","grass","10","metals","Cu","yes","stressors, resources",0.503748453391906,-1.70870513527627,2.21245358866818,"Hedge's d","SD not imputed",NA,NA,NA
"43",70,70.1,-0.975965246658343,0.0769230769230769,16,"mass loss","g","experimental","field","terrestrial","agricultural field","UK",365,"ryegrass","grass","10","metals","Cu","yes","stressors, resources",1.56571247490428,-1.70870513527627,3.27441761018055,"Hedge's d","SD not imputed",NA,NA,NA
"44",70,70.1,0.145490957005228,0.0769230769230769,16,"mass loss","g","experimental","field","terrestrial","agricultural field","UK",365,"ryegrass","grass","10","metals","Ni","yes","stressors, resources",-0.163897018110399,-0.942552300384931,0.778655282274532,"Hedge's d","SD not imputed",NA,NA,NA
"45",70,70.1,-0.0969889800732602,0.0769230769230769,16,"mass loss","g","experimental","field","terrestrial","agricultural field","UK",365,"ryegrass","grass","10","metals","Ni","yes","stressors, resources",0.234979582833671,-0.942552300384931,1.1775318832186,"Hedge's d","SD not imputed",NA,NA,NA
"46",95,95.1,-0.986326263544126,0.333333333333333,6,"mass loss","%","experimental","microcosm","aquatic","stream","Portugal",30,"Alnus glutinosa","leaf discs","fine","metals","Cu","no",NA,5.69383214380303,-5.1892834455239,10.8831155893269,"Hedge's d","SD not imputed",NA,NA,NA
"47",95,95.1,-1.34140948094322,0.333333333333333,6,"mass loss","%","experimental","microcosm","aquatic","stream","Portugal",30,"Alnus glutinosa","leaf discs","fine","metals","Zn","no",NA,4.98107649185471,-5.1892834455239,10.1703599373786,"Hedge's d","SD not imputed",NA,NA,NA
"48",176,176.1,-0.166179623375346,0.0666666666666667,18,"mass loss","%","experimental","field","terrestrial",NA,"Thailand",60,"Ipomoea aquatica","broad leaves",NA,"pesticides","herbicide: atrazine","no",NA,0,-5.1892834455239,5.1892834455239,"Hedge's d","SD not imputed",NA,NA,NA
"49",176,176.1,-0.244170587830533,0.0666666666666667,18,"mass loss","%","experimental","field","terrestrial",NA,"Thailand",60,"Ipomoea aquatica","broad leaves",NA,"pesticides","insecticide: carbofuran","no",NA,0,-5.1892834455239,5.1892834455239,"Hedge's d","SD not imputed",NA,NA,NA
"50",176,176.1,-0.69475033804174,0.0666666666666667,18,"mass loss","%","experimental","field","terrestrial",NA,"Thailand",60,"Ipomoea aquatica","broad leaves",NA,"pesticides","insecticide: chlorpyrifos","no",NA,0,-5.1892834455239,5.1892834455239,"Hedge's d","SD not imputed",NA,NA,NA
"51",344,344.1,-0.150881796058134,0.00529100529100529,192,"rate (k)","d-1","experimental","mesocosm","aquatic","pond","Germany",68,"Alnus glutinosa","broad leaves shredded","0.2","pesticides","pesticide mixture","yes","stressors",0,-5.1892834455239,5.1892834455239,"Hedge's d","SD not imputed",NA,NA,NA
"52",349,349.1,-1.1258817108438,0.027027027027027,40,"rate (k)","d-1","observational","field","aquatic","stream","UK",9,"Alnus glutinosa","broad leaves","10","pesticides","insecticide: chlorpyrifos","no",NA,-0.244453337900961,-5.1892834455239,4.94483010762294,"Hedge's d","SD not imputed",NA,NA,NA
"53",252,252.1,-0.362000594089888,0.333333333333333,6,"mass loss","%","experimental","microcosms","aquatic","stream","Portugal",24,"Alnus glutinosa","leaf discs","0.5","PAH","phenanthrene","no",NA,1.35867919408692,-5.1892834455239,6.54796263961082,"Hedge's d","SD imputed",NA,NA,NA
"54",29,29.1,0.0300998702259838,0.0222222222222222,48,"rate (k)","d-1","observational","field","aquatic","stream","USA",183,"Maple","broad leaves",NA,"acid mine drainage","Al","yes","stressors",0.544727175441672,-0.371563556432483,0.916290731874155,"Hedge's d","SD not imputed",NA,NA,NA
"55",29,29.1,-0.658920732008853,0.0222222222222222,48,"rate (k)","d-1","observational","field","aquatic","stream","USA",183,"Maple","broad leaves",NA,"acid mine drainage","Al","yes","stressors",4.75636082418687,-0.371563556432483,5.12792438061935,"Hedge's d","SD not imputed",NA,NA,NA
"56",29,29.2,-0.0742842174621791,0.0222222222222222,48,"rate (k)","d-1","observational","field","aquatic","stream","USA",183,"Maple","broad leaves",NA,"acid mine drainage","Al","yes","stressors",3.14988295338125,1.47426313406585,1.6756198193154,"Hedge's d","SD not imputed",NA,NA,NA
"57",29,29.2,0.586475299818527,0.0222222222222222,48,"rate (k)","d-1","observational","field","aquatic","stream","USA",183,"Maple","broad leaves",NA,"acid mine drainage","Al","yes","stressors",4.06715842191794,1.47426313406585,2.59289528785209,"Hedge's d","SD not imputed",NA,NA,NA
"58",29,29.1,0.0180857823589663,0.0222222222222222,48,"rate (k)","d-1","observational","field","aquatic","stream","USA",183,"White oak","broad leaves",NA,"acid mine drainage","Al","yes","stressors",0.544727175441672,-0.371563556432483,0.916290731874155,"Hedge's d","SD not imputed",NA,NA,NA
"59",29,29.1,-0.54760015242953,0.0222222222222222,48,"rate (k)","d-1","observational","field","aquatic","stream","USA",183,"White oak","broad leaves",NA,"acid mine drainage","Al","yes","stressors",4.75636082418687,-0.371563556432483,5.12792438061935,"Hedge's d","SD not imputed",NA,NA,NA
"60",29,29.2,0.169533988282954,0.0222222222222222,48,"rate (k)","d-1","observational","field","aquatic","stream","USA",183,"White oak","broad leaves",NA,"acid mine drainage","Al","yes","stressors",3.14988295338125,1.47426313406585,1.6756198193154,"Hedge's d","SD not imputed",NA,NA,NA
"61",29,29.2,-0.327749977180423,0.0222222222222222,48,"rate (k)","d-1","observational","field","aquatic","stream","USA",183,"White oak","broad leaves",NA,"acid mine drainage","Al","yes","stressors",4.06715842191794,1.47426313406585,2.59289528785209,"Hedge's d","SD not imputed",NA,NA,NA
"62",170,170.1,-0.140835551415862,0.142857142857143,10,"dry mass remaining","%","experimental","field","terrestrial","pasture","New Zealand",305,"Lolium perenne","grass","1","pesticides","herbicide: glyphosate","yes","stressors",3.40119738166216,-5.1892834455239,8.59048082718606,"Hedge's d","SD imputed",NA,NA,NA
"63",170,170.1,-0.163852548392601,0.142857142857143,10,"dry mass remaining","%","experimental","field","terrestrial","pasture","New Zealand",305,"Lolium perenne","grass","1","pesticides","herbicide: glyphosate","yes","stressors",3.40119738166216,-5.1892834455239,8.59048082718606,"Hedge's d","SD imputed",NA,NA,NA
"64",262,262.1,-1.18051026858005,0.0666666666666667,18,"rate (k)","d-1","observational","field","aquatic","stream","USA",77,"Populus tremuloides","broad leaves","8","acid mine drainage","Zn","yes","stressors",3.97777438299093,-0.0295588022415445,4.00733318523247,"Hedge's d","SD not imputed",NA,NA,NA
"65",262,262.1,-1.32811333113269,0.0666666666666667,18,"rate (k)","d-1","observational","field","aquatic","stream","USA",77,"Populus tremuloides","broad leaves","8","acid mine drainage","Zn","yes","stressors",2.96617347131245,-0.0295588022415445,2.99573227355399,"Hedge's d","SD not imputed",NA,NA,NA
"66",58,58.1,0.545706674651704,0.04,28,"rate (k)","d-1","experimental","field","aquatic","stream","USA",123,"Acer rubrum","broad leaves","5","nutrient enrichment",NA,"yes","resource",1.17994646972308,-0.539053645222545,1.71900011494562,"Hedge's d","SD not imputed",NA,NA,NA
"67",58,58.1,0.516316007711356,0.0333333333333333,33,"rate (k)","d-1","experimental","field","aquatic","stream","USA",123,"Acer rubrum","broad leaves","1","nutrient enrichment",NA,"yes","resource",1.17994646972308,-0.539053645222545,1.71900011494562,"Hedge's d","SD not imputed",NA,NA,NA
"68",140,140.1,0.15597652720492,0.333333333333333,6,"rate (k)","d-1","experimental","field","terrestrial","forest","USA",488,"Populus tremoides","broad leaves","10","nitrogen deposition",NA,"no",NA,0.405465108108164,-5.1892834455239,5.59474855363206,"Hedge's d","SD imputed",NA,NA,NA
"69",153,153.1,0.698490319228127,0.0212765957446809,50,"rate (k)","d-1","observational","field","aquatic","stream","Portugal",26,"Alnus glutinosa","broad leaves","10","eutrophication",NA,"yes","resource",-0.116196794402512,-1.69173315516093,1.57553636075842,"Hedge's d","SD not imputed",NA,NA,NA
"70",153,153.2,0.188209949293306,0.111111111111111,12,"rate (k)","d-1","observational","field","aquatic","stream","Portugal",26,"Alnus glutinosa","broad leaves","10","eutrophication",NA,"yes","resource",-0.264616799520785,-1.87405471195489,1.6094379124341,"Hedge's d","SD not imputed",NA,NA,NA
"71",153,153.3,-0.0525967908890617,0.111111111111111,12,"rate (k)","d-1","observational","field","aquatic","stream","Portugal",26,"Alnus glutinosa","broad leaves","10","eutrophication",NA,"yes","resource",-0.225396086367504,-2.38488033572088,2.15948424935338,"Hedge's d","SD not imputed",NA,NA,NA
"72",153,153.4,1.80924263681959,0.111111111111111,12,"rate (k)","d-1","observational","field","aquatic","stream","Portugal",22,"Alnus glutinosa","broad leaves","10","eutrophication",NA,"yes","resource",-0.0177974390305808,-3.28629850118564,3.26850106215506,"Hedge's d","SD not imputed",NA,NA,NA
"73",153,153.5,0.907885758694576,0.111111111111111,12,"rate (k)","d-1","observational","field","aquatic","stream","Portugal",22,"Alnus glutinosa","broad leaves","10","eutrophication",NA,"yes","resource",0.541859066346164,-0.710903902149204,1.25276296849537,"Hedge's d","SD not imputed",NA,NA,NA
"74",153,153.1,0.895430182396439,0.0212765957446809,50,"rate (k)","d-1","observational","field","aquatic","stream","Portugal",57,"Quercus robur","broad leaves","10","eutrophication",NA,"yes","resource",-0.116196794402512,-1.69173315516093,1.57553636075842,"Hedge's d","SD not imputed",NA,NA,NA
"75",153,153.2,0.849792828665254,0.111111111111111,12,"rate (k)","d-1","observational","field","aquatic","stream","Portugal",57,"Quercus robur","broad leaves","10","eutrophication",NA,"yes","resource",-0.264616799520785,-1.87405471195489,1.6094379124341,"Hedge's d","SD not imputed",NA,NA,NA
"76",153,153.3,0.62771412821625,0.111111111111111,12,"rate (k)","d-1","observational","field","aquatic","stream","Portugal",57,"Quercus robur","broad leaves","10","eutrophication",NA,"yes","resource",-0.225396086367504,-2.38488033572088,2.15948424935338,"Hedge's d","SD not imputed",NA,NA,NA
"77",153,153.4,1.57682034068935,0.111111111111111,12,"rate (k)","d-1","observational","field","aquatic","stream","Portugal",42,"Quercus robur","broad leaves","10","eutrophication",NA,"yes","resource",-0.0177974390305808,-3.28629850118564,3.26850106215506,"Hedge's d","SD not imputed",NA,NA,NA
"78",153,153.5,0.79802111502631,0.111111111111111,12,"rate (k)","d-1","observational","field","aquatic","stream","Portugal",42,"Quercus robur","broad leaves","10","eutrophication",NA,"yes","resource",0.541859066346164,-0.710903902149204,1.25276296849537,"Hedge's d","SD not imputed",NA,NA,NA
"79",276,276.1,2.54712730948615,0.2,8,"dry mass remaining","%","experimental","mesocosms","aquatic","rainforest stream","Australia",44,"Freycenetia scandens","broad leaves","1","nutrient enrichment",NA,"yes","resource",1.88894667419672,-2.30258509299405,4.19153176719077,"Hedge's d","SD imputed",NA,NA,NA
"80",276,276.1,1.45668660309206,0.2,8,"dry mass remaining","%","experimental","mesocosms","aquatic","rainforest stream","Australia",44,"Cryptocarya densiflora","broad leaves","1","nutrient enrichment",NA,"yes","resource",1.88894667419672,-2.30258509299405,4.19153176719077,"Hedge's d","SD imputed",NA,NA,NA
"81",276,276.1,1.64932356351395,0.2,8,"dry mass remaining","%","experimental","mesocosms","aquatic","rainforest stream","Australia",44,"Cryptocarya leucophylla","broad leaves","1","nutrient enrichment",NA,"yes","resource",1.88894667419672,-2.30258509299405,4.19153176719077,"Hedge's d","SD imputed",NA,NA,NA
"82",276,276.1,1.38046647330853,0.2,8,"dry mass remaining","%","experimental","mesocosms","aquatic","rainforest stream","Australia",44,"Macaranga subdentata","broad leaves","1","nutrient enrichment",NA,"yes","resource",1.88894667419672,-2.30258509299405,4.19153176719077,"Hedge's d","SD imputed",NA,NA,NA
"83",97,97.1,-0.387423583310176,0.0188679245283019,56,"rate (k)","d-1","observational","field","aquatic","stream","Portugal",54,"Alnus glutinosa","broad leaves","0.5","nutrient enrichment",NA,"yes","stressors, resources",4.61135104506317,-2.55876849838646,7.17011954344963,"Hedge's d","SD not imputed",NA,NA,NA
"84",154,154.1,0.621202659400355,0.0208333333333333,51,"rate (k)","d-1","experimental","field","aquatic","stream","USA",225,"Acer rubrum","broad leaves",NA,"nutrient enrichment",NA,"yes","resource",0.0428679002271759,-2.0971982632691,2.14006616349628,"Hedge's d","SD not imputed",NA,NA,NA
"85",154,154.1,0.800387510245035,0.0196078431372549,54,"rate (k)","d-1","experimental","field","aquatic","stream","USA",225,"Rhododendron maximum","broad leaves",NA,"nutrient enrichment",NA,"yes","resource",0.0428679002271759,-2.0971982632691,2.14006616349628,"Hedge's d","SD not imputed",NA,NA,NA
"86",245,245.1,-0.323676613518246,0.0196078431372549,54,"rate (k)","d-1","observational","field","aquatic","stream","Portugal",84,"Eucalyptus globulus","broad leaves","10","nutrient enrichment",NA,"yes","stressors, resources",2.69029347951295,1.30399911839306,1.38629436111989,"Hedge's d","SD not imputed",NA,NA,NA
"87",245,245.1,-0.548584307298225,0.0196078431372549,54,"rate (k)","d-1","observational","field","aquatic","stream","Portugal",84,"Eucalyptus globulus","broad leaves","10","nutrient enrichment",NA,"yes","stressors, resources",2.69029347951295,1.30399911839306,1.38629436111989,"Hedge's d","SD not imputed",NA,NA,NA
"88",245,245.1,-0.357659645470854,0.0196078431372549,54,"rate (k)","d-1","observational","field","aquatic","stream","Portugal",84,"Eucalyptus globulus","broad leaves","0.5","nutrient enrichment",NA,"yes","stressors, resources",2.69029347951295,1.30399911839306,1.38629436111989,"Hedge's d","SD not imputed",NA,NA,NA
"89",245,245.1,-0.0633426177147961,0.0196078431372549,54,"rate (k)","d-1","observational","field","aquatic","stream","Portugal",84,"Eucalyptus globulus","broad leaves","10","nutrient enrichment",NA,"yes","stressors, resources",2.69029347951295,1.30399911839306,1.38629436111989,"Hedge's d","SD not imputed",NA,NA,NA
"90",245,245.1,-0.0352066066111491,0.0196078431372549,54,"rate (k)","d-1","observational","field","aquatic","stream","Portugal",84,"Eucalyptus globulus","broad leaves","0.5","nutrient enrichment",NA,"yes","stressors, resources",2.69029347951295,1.30399911839306,1.38629436111989,"Hedge's d","SD not imputed",NA,NA,NA
"91",113,113.1,0.5917863304644,0.0222222222222222,48,"rate (k)","d-1","observational","field","aquatic","mountain stream","Spain",42,"Populus nigra x canadensis","wooden sticks",NA,"wastewater",NA,"yes","stressors, resources",-0.2484613592985,-1.6094379124341,1.3609765531356,"Hedge's d","SD not imputed",NA,NA,NA
"92",113,113.1,0.803194993192374,0.0222222222222222,48,"rate (k)","d-1","observational","field","aquatic","mountain stream","Spain",42,"Populus nigra x canadensis","wooden sticks",NA,"wastewater",NA,"yes","stressors, resources",0.970778917158225,-1.6094379124341,2.58021682959233,"Hedge's d","SD not imputed",NA,NA,NA
"93",171,171.1,0.432754860035382,0.037037037037037,30,"rate (k)","d-1","observational","field","aquatic","stream","USA",28,"Salix sp.","broad leaves","5","nutrient enrichment",NA,"yes","stressors, resources",-0.513078158819284,-0.487760350834995,-0.025317807984289,"Hedge's d","SD imputed",NA,NA,NA
"94",171,171.1,0.394067142537887,0.037037037037037,30,"rate (k)","d-1","observational","field","aquatic","stream","USA",28,"Salix sp.","broad leaves","5","nutrient enrichment",NA,"yes","stressors, resources",3.65547811541347,-0.487760350834995,4.14323846624846,"Hedge's d","SD imputed",NA,NA,NA
"95",235,235.1,0.70617783294249,0.333333333333333,6,"mass loss","% initial mass lost","experimental","mesocosms/experimental channels","aquatic","stream","New Zealand",18,"Melicytus ramiflorus (fast decomposing)","broad leaves","leaf pack, no mesh","nutrient enrichment",NA,"yes","resource",0.467751094192442,-2.38488033572088,2.85263142991332,"Hedge's d","SD not imputed",NA,NA,NA
"96",235,235.1,1.32494353929164,0.333333333333333,6,"mass loss","% initial mass lost","experimental","mesocosms/experimental channels","aquatic","stream","New Zealand",18,"Melicytus ramiflorus (fast decomposing)","broad leaves","leaf pack, no mesh","nutrient enrichment",NA,"yes","resource",2.08866140778878,-2.38488033572088,4.47354174350966,"Hedge's d","SD not imputed",NA,NA,NA
"97",297,297.1,0.128272643112579,0.0222222222222222,48,"rate (k)","d-1","observational","field","aquatic","lentic: reservoir","Brazil",60,"Eichhornia crassipes","broad leaves","10","eutrophication",NA,"probably","stressors, resources",1.55225361590626,-1.58085045558219,3.13310407148845,"Hedge's d","SD imputed",NA,NA,NA
"98",297,297.1,0.474207278146095,0.0222222222222222,48,"rate (k)","d-1","observational","field","aquatic","lentic: reservoir","Brazil",105,"Typha domingensis","broad leaves","10","eutrophication",NA,"probably","stressors, resources",1.55225361590626,-1.58085045558219,3.13310407148845,"Hedge's d","SD imputed",NA,NA,NA
"99",25,25.1,0.3972196011978,0.00952380952380952,108,"rate (k)","d-1","observational","field","aquatic","boreal stream","Sweden",34,"Alnus glutinosa","broad leaves","0.3","nutrient enrichment","DIN","yes","stressors, resources",-0.752880039971948,-5.1892834455239,4.43640340555195,"Correlation","SD not imputed",0.3972196011978,0.00952380952380952,108
"100",111,111.1,0.45489867344949,0.0526315789473684,22,"mass loss","g","observational","field","aquatic","stream","Germany",21,"Alnus glutinosa","litterbags","0.5","wastewater","NO2","yes","stressors, resources",3.82864139648909,-0.693147180559945,4.52178857704904,"Correlation","SD not imputed",0.45489867344949,0.0526315789473684,22
"101",111,111.1,-1.35211416725715,0.0526315789473684,22,"mass loss","g","observational","field","aquatic","stream","Germany",21,"Alnus glutinosa","litterbags","10","wastewater","NO2","yes","stressors, resources",3.82864139648909,-0.693147180559945,4.52178857704904,"Correlation","SD not imputed",-1.35211416725715,0.0526315789473684,22
"102",166,166.1,0.327074516823066,0.00680272108843537,150,"rate (k) invertebrates","mg dry weight/day","observational","field","terrestrial","floodplain","Netherlands",49,"Populus canadensis ","broad leaves","7","metals","Cd","yes","stressors",3.87947659866994,2.91076171359921,0.96871488507073,"Correlation","SD not imputed",0.327074516823066,0.00680272108843537,150
"103",168,168.1,-0.183691333078745,0.00709219858156028,144,"rate (k)","d-1","observational","field","aquatic","stream","New Zealand",60,"Melicytus ramiflorus","broad leaves","5","acid mine drainage","Al","yes","stressors, resources",6.87266395917087,-1.06471073699243,7.9373746961633,"Correlation","SD not imputed",-0.183691333078745,0.00709219858156028,144
"104",210,210.1,-0.435618590975361,0.00350877192982456,288,"mass loss","AFDM loss %","observational","field","aquatic","stream","Portugal",38,"Alnus glutinosa; Castanea sativa; Platanus sp.; Quercus robur; Eucalyptus globulus","broad leaves","5","eutrophication","NH4","yes","stressors, resources",3.85359696495953,-2.74109005518041,6.59468702013994,"Correlation","SD not imputed",-0.435618590975361,0.00350877192982456,288
"105",289,289.1,-1.07908458255535,0.00280112044817927,360,"rate (k)","d-1","observational","field","aquatic","stream","France",66,"Fagus sylvatica","broad leaves","6","nutrient enrichment","NH4","yes","stressors, resources",0.785270469435751,-0.458707669503884,1.24397813893963,"Correlation","SD not imputed",-1.07908458255535,0.00280112044817927,360
"106",322,322.1,-1.97257503929598,0.0196078431372549,54,"rate (k)","d-1","observational","field","aquatic","stream","USA",74,"Acer rubrum","broad leaves","5","metals","Cu","yes","stressors",0.906340401020987,-2.31253542384721,3.2188758248682,"Correlation","SD not imputed",-1.97257503929598,0.0196078431372549,54
"107",385,385.1,-0.29666169085246,0.0175438596491228,60,"rate (k)","d-1","observational","field","aquatic","stream","Ireland",11,"Alnus glutinosa","broad leaves","10","nutrient enrichment","SRP","yes","stressors, resources",3.34738161025719,-1.69173315516093,5.03911476541812,"Correlation","SD not imputed",-0.29666169085246,0.0175438596491228,60
"108",385,385.1,-0.32398056590869,0.0175438596491228,60,"rate (k)","d-1","observational","field","aquatic","stream","Ireland",45,"Quercus robur","broad leaves","10","nutrient enrichment","SRP","yes","stressors, resources",3.34738161025719,-1.69173315516093,5.03911476541812,"Correlation","SD not imputed",-0.32398056590869,0.0175438596491228,60
"109",392,392.1,0.0924024793086445,0.010752688172043,96,"rate (k)","d-1","experimental","field","terrestrial","semi arid grassland","China",183,"Artemisia frigida","broad leaves","1","nitrogen deposition","Nrate","no",NA,2.9061201148643,-5.1892834455239,8.0954035603882,"Correlation","SD not imputed",0.0924024793086445,0.010752688172043,96
"110",392,392.1,0.97467774107131,0.010752688172043,96,"rate (k)","d-1","experimental","field","terrestrial","semi arid grassland","China",183,"Stipa krylovii","grass","1","nitrogen deposition","Nrate","no",NA,2.9061201148643,-5.1892834455239,8.0954035603882,"Correlation","SD not imputed",0.97467774107131,0.010752688172043,96
"111",392,392.1,0.256960406076974,0.010752688172043,96,"rate (k)","d-1","experimental","field","terrestrial","semi arid grassland","China",183,"Stipa krylovii; Artemisia frigida","mix","1","nitrogen deposition","Nrate","no",NA,2.9061201148643,-5.1892834455239,8.0954035603882,"Correlation","SD not imputed",0.256960406076974,0.010752688172043,96
"112",398,398.1,-0.29856768114846,0.00258397932816537,390,"rate (k)","d-1","observational","field","aquatic","Mountain stream","USA",NA,"Salix spp.","broad leaves","8","acid mine drainage","Zn","yes","stressors, resources",8.26449083786048,-0.72270598280149,8.98719682066197,"Correlation","SD not imputed",-0.29856768114846,0.00258397932816537,390
"113",13,13.1,-0.362769840512581,0.00709219858156028,144,"rate (k)","log(%).d-1","experimental","laboratory","aquatic","stream","France",42,"Alnus","leaf discs",NA,"pesticides","fungicide: tebuconazole","no",NA,5.82894561761021,2.30258509299405,3.52636052461616,"Hedge's d","SD imputed",-0.362769840512581,0.00709219858156028,144
"114",13,13.2,-0.195600647510381,0.00709219858156028,144,"rate (k)","log(%).d-1","experimental","laboratory","aquatic","stream","France",42,"Populus","leaf discs",NA,"pesticides","fungicide: tebuconazole","no",NA,5.76832099579377,-5.1892834455239,10.9576044413177,"Hedge's d","SD imputed",-0.195600647510381,0.00709219858156028,144
"115",52,52.1,-0.532599649905692,0.0476190476190476,24,"rate (k)","d-1","observational","field","aquatic","stream","USA",102,"Red maple","broad leaves",NA,"metals","As","no",NA,3.73686343259714,-0.463868640678219,4.20073207327536,"Hedge's d","SD imputed",-0.532599649905692,0.0476190476190476,24
"116",52,52.1,-0.580910263441852,0.0476190476190476,24,"rate (k)","d-1","observational","field","aquatic","stream","USA",144,"White oak","broad leaves",NA,"metals","As","no",NA,3.73686343259714,-0.463868640678219,4.20073207327536,"Hedge's d","SD imputed",-0.580910263441852,0.0476190476190476,24
"117",52,52.1,-0.325033090119006,0.0476190476190476,24,"rate (k)","d-1","observational","field","aquatic","stream","USA",102,"Red maple","broad leaves","10","metals","As","no",NA,2.00424125719382,-0.463868640678219,2.46810989787204,"Hedge's d","SD imputed",-0.325033090119006,0.0476190476190476,24
"118",52,52.1,-0.532820189957244,0.0476190476190476,24,"rate (k)","d-1","observational","field","aquatic","stream","USA",102,"Red maple","broad leaves","10","metals","As","no",NA,3.73686343259714,-0.463868640678219,4.20073207327536,"Hedge's d","SD imputed",-0.532820189957244,0.0476190476190476,24
"119",52,52.1,-0.484199512393079,0.0476190476190476,24,"rate (k)","d-1","observational","field","aquatic","stream","USA",144,"White oak","broad leaves","10","metals","As","no",NA,2.00424125719382,-0.463868640678219,2.46810989787204,"Hedge's d","SD imputed",-0.484199512393079,0.0476190476190476,24
"120",52,52.1,-0.580910263441852,0.0476190476190476,24,"rate (k)","d-1","observational","field","aquatic","stream","USA",144,"White oak","broad leaves","10","metals","As","no",NA,3.73686343259714,-0.463868640678219,4.20073207327536,"Hedge's d","SD imputed",-0.580910263441852,0.0476190476190476,24
"121",268,268.1,-1.30192418372717,0.2,8,"dry mass remaining","%","experimental","field","terrestrial","semi arid grassland/crop","Burkina Faso",90,"Andropogon","straw","1","pesticides","insecticide: chlorpyrifos","yes","stressors",0.246860077931526,-5.1892834455239,5.43614352345543,"Hedge's d","SD imputed",-1.30192418372717,0.2,8
"122",268,268.1,-0.812525031399447,0.2,8,"dry mass remaining","%","experimental","field","terrestrial","semi arid grassland/crop","Burkina Faso",90,"Andropogon","straw","4","pesticides","insecticide: chlorpyrifos","yes","stressors",0.246860077931526,-5.1892834455239,5.43614352345543,"Hedge's d","SD imputed",-0.812525031399447,0.2,8
"123",268,268.1,-2.05668485040689,0.2,8,"dry mass remaining","%","experimental","field","terrestrial","semi arid grassland/crop","Burkina Faso",90,"Maize","straw","1","pesticides","insecticide: chlorpyrifos","yes","stressors",0.246860077931526,-5.1892834455239,5.43614352345543,"Hedge's d","SD imputed",-2.05668485040689,0.2,8
"124",268,268.1,-0.625618965804957,0.2,8,"dry mass remaining","%","experimental","field","terrestrial","semi arid grassland/crop","Burkina Faso",90,"Maize","straw","4","pesticides","insecticide: chlorpyrifos","yes","stressors",0.246860077931526,-5.1892834455239,5.43614352345543,"Hedge's d","SD imputed",-0.625618965804957,0.2,8
"125",268,268.1,-0.631311275568645,0.2,8,"dry mass remaining","%","experimental","field","terrestrial","semi arid grassland/crop","Burkina Faso",90,"Andropogon","straw","1","pesticides","insecticide: chlorpyrifos","yes","stressors",0.246860077931526,-5.1892834455239,5.43614352345543,"Hedge's d","SD imputed",-0.631311275568645,0.2,8
"126",268,268.1,0.0892647586242678,0.2,8,"dry mass remaining","%","experimental","field","terrestrial","semi arid grassland/crop","Burkina Faso",90,"Andropogon","straw","4","pesticides","insecticide: chlorpyrifos","yes","stressors",0.246860077931526,-5.1892834455239,5.43614352345543,"Hedge's d","SD imputed",0.0892647586242678,0.2,8
"127",268,268.1,-0.0253224191244271,0.2,8,"dry mass remaining","%","experimental","field","terrestrial","semi arid grassland/crop","Burkina Faso",90,"Maize","straw","1","pesticides","insecticide: chlorpyrifos","yes","stressors",0.246860077931526,-5.1892834455239,5.43614352345543,"Hedge's d","SD imputed",-0.0253224191244271,0.2,8
"128",268,268.1,-0.199621432604848,0.2,8,"dry mass remaining","%","experimental","field","terrestrial","semi arid grassland/crop","Burkina Faso",90,"Maize","straw","4","pesticides","insecticide: chlorpyrifos","yes","stressors",0.246860077931526,-5.1892834455239,5.43614352345543,"Hedge's d","SD imputed",-0.199621432604848,0.2,8
"129",349,349.1,-0.965328197333,0.037037037037037,30,"rate (k)","d-1","observational","field","aquatic","stream","UK",9,"Alnus glutinosa","broad leaves","10","pesticides","insecticide: chlorpyrifos","no",NA,-0.244453337900961,-5.1892834455239,4.94483010762294,"Hedge's d","SD not imputed",-0.965328197333,0.037037037037037,30
"130",349,349.1,-0.0270322184766242,0.037037037037037,30,"rate (k)","d-1","observational","field","aquatic","stream","UK",9,"Alnus glutinosa","broad leaves","0.5","pesticides","insecticide: chlorpyrifos","no",NA,-0.244453337900961,-5.1892834455239,4.94483010762294,"Hedge's d","SD not imputed",-0.0270322184766242,0.037037037037037,30
"131",281,281.1,-0.3879637140409,0.00854700854700855,120,"mass loss","%","experimental","field","terrestrial","forest","Finland",1521,"Pinus sylvestris","needles","1","metals","Cd","yes","stressors, resources",-0.405465108108164,-0.762140052046897,0.356674943938733,"Hedge's d","SD not imputed",-0.3879637140409,0.00854700854700855,120
"132",281,281.1,-0.942565516523099,0.00854700854700855,120,"mass loss","%","experimental","field","terrestrial","forest","Finland",1521,"Pinus sylvestris","needles","1","metals","Cd","yes","stressors, resources",2.40794560865187,-0.762140052046897,3.17008566069877,"Hedge's d","SD not imputed",-0.942565516523099,0.00854700854700855,120
"133",115,115.1,0.0115145001608957,0.142857142857143,10,"mass loss","%","experimental","field/lab","terrestrial","rain forest","French Guiana",21,"Cellulose","filter paper",NA,"nutrient enrichment",NA,"no",NA,2.27726728500976,1.17865499634165,1.09861228866811,"Hedge's d","SD not imputed",0.0115145001608957,0.142857142857143,10
"134",115,115.1,1.01518641497675,0.142857142857143,10,"mass loss","%","experimental","field/lab","terrestrial","rain forest","French Guiana",21,"Cellulose","filter paper",NA,"nutrient enrichment",NA,"no",NA,0.698845201674583,-3.2188758248682,3.91772102654278,"Hedge's d","SD not imputed",1.01518641497675,0.142857142857143,10
"135",115,115.1,-0.0168200904051865,0.142857142857143,10,"mass loss","%","experimental","field/lab","terrestrial","rain forest","French Guiana",21,"Cellulose","filter paper",NA,"nutrient enrichment",NA,"yes","resource",2.27726728500976,1.17865499634165,1.09861228866811,"Hedge's d","SD not imputed",-0.0168200904051865,0.142857142857143,10
"136",115,115.1,0.88042176536028,0.142857142857143,10,"mass loss","%","experimental","field/lab","terrestrial","rain forest","French Guiana",21,"Cellulose","filter paper",NA,"nutrient enrichment",NA,"yes","resource",0.698845201674583,-3.2188758248682,3.91772102654278,"Hedge's d","SD not imputed",0.88042176536028,0.142857142857143,10
"137",115,115.1,1.00502294619481,0.142857142857143,10,"mass loss","%","experimental","field/lab","terrestrial","rain forest","French Guiana",21,"Cellulose","filter paper",NA,"nutrient enrichment",NA,"yes","resource",2.27726728500976,1.17865499634165,1.09861228866811,"Hedge's d","SD not imputed",1.00502294619481,0.142857142857143,10
"138",115,115.1,0.876978578820368,0.142857142857143,10,"mass loss","%","experimental","field/lab","terrestrial","rain forest","French Guiana",21,"Cellulose","filter paper",NA,"nutrient enrichment",NA,"yes","resource",2.27726728500976,1.17865499634165,1.09861228866811,"Hedge's d","SD not imputed",0.876978578820368,0.142857142857143,10
"139",154,154.1,-2.54190812343798,0.0208333333333333,51,"rate (k)","d-1","experimental","field","aquatic","stream","USA",225,"Acer rubrum","broad leaves",NA,"nutrient enrichment",NA,"yes","resource",0.0428679002271759,-2.0971982632691,2.14006616349628,"Hedge's d","SD not imputed",-2.54190812343798,0.0208333333333333,51
"140",167,167.1,-0.289259418255398,0.0016750418760469,600,"rate (k)","d-1","experimental","field","terrestrial","forest","USA",1460,"Quercus ellipsoidalis","broad leaves and litter","1","nitrogen deposition",NA,"no",NA,1.66392609771817,-1.27296567581289,2.93689177353106,"Hedge's d","SD not imputed",-0.289259418255398,0.0016750418760469,600
"141",167,167.1,-0.873256594876833,0.0016750418760469,600,"rate (k)","d-1","experimental","field","terrestrial","forest","USA",1460,"Quercus ellipsoidalis","broad leaves and litter","1","nitrogen deposition",NA,"no",NA,1.66392609771817,-1.27296567581289,2.93689177353106,"Hedge's d","SD not imputed",-0.873256594876833,0.0016750418760469,600
"142",167,167.1,-0.60788761640024,0.0016750418760469,600,"rate (k)","d-1","experimental","field","terrestrial","forest","USA",1460,"Quercus ellipsoidalis","broad leaves and litter","1","nitrogen deposition",NA,"no",NA,1.66392609771817,-1.27296567581289,2.93689177353106,"Hedge's d","SD not imputed",-0.60788761640024,0.0016750418760469,600
"143",167,167.1,-0.302013211822036,0.0016750418760469,600,"rate (k)","d-1","experimental","field","terrestrial","forest","USA",1460,"Quercus ellipsoidalis","broad leaves and litter","1","nitrogen deposition",NA,"yes","resource",1.66392609771817,-1.27296567581289,2.93689177353106,"Hedge's d","SD not imputed",-0.302013211822036,0.0016750418760469,600
"144",167,167.1,-1.05787941135371,0.0016750418760469,600,"rate (k)","d-1","experimental","field","terrestrial","forest","USA",1460,"Quercus ellipsoidalis","broad leaves and litter","1","nutrient enrichment",NA,"yes","resource",1.04982212449868,-5.1892834455239,6.23910557002258,"Hedge's d","SD not imputed",-1.05787941135371,0.0016750418760469,600
"145",244,244.1,0.0641484394701392,0.0303030303030303,36,"rate (k)","d-1","experimental","field","aquatic","lagoon","Spain",32,"Ruppia cirrhosa","aquatic grass","1","nutrient enrichment",NA,"no",NA,0.193591309052198,-1.01943133079366,1.21302263984586,"Hedge's d","SD not imputed",0.0641484394701392,0.0303030303030303,36
"146",244,244.1,0.220545221991142,0.0303030303030303,36,"rate (k)","d-1","experimental","field","aquatic","lagoon","Spain",32,"Ruppia cirrhosa","aquatic grass","1","nutrient enrichment",NA,"no",NA,5.05350319432343,3.31890213893533,1.7346010553881,"Hedge's d","SD not imputed",0.220545221991142,0.0303030303030303,36
"147",244,244.1,-0.0742521995150581,0.0303030303030303,36,"rate (k)","d-1","experimental","field","aquatic","lagoon","Spain",32,"Ruppia cirrhosa","aquatic grass","1","nutrient enrichment",NA,"yes","resource",5.05350319432343,3.31890213893533,1.7346010553881,"Hedge's d","SD not imputed",-0.0742521995150581,0.0303030303030303,36
"148",245,245.1,-0.75436958325082,0.0196078431372549,54,"rate (k)","d-1","observational","field","aquatic","stream","Portugal",84,"Eucalyptus globulus","broad leaves","10","nutrient enrichment",NA,"yes","stressors, resources",2.69029347951295,1.30399911839306,1.38629436111989,"Hedge's d","SD not imputed",-0.75436958325082,0.0196078431372549,54
"149",245,245.1,-0.588094815017491,0.0196078431372549,54,"rate (k)","d-1","observational","field","aquatic","stream","Portugal",84,"Eucalyptus globulus","broad leaves","0.5","nutrient enrichment",NA,"yes","stressors, resources",2.69029347951295,1.30399911839306,1.38629436111989,"Hedge's d","SD not imputed",-0.588094815017491,0.0196078431372549,54
"150",386,386.1,0.406624072570896,0.0344827586206897,32,"mass loss","%","experimental","field","terrestrial","boreal forest","USA, Alaska",730,"Vaccinium vitis-idaea","grass","1","nitrogen deposition",NA,"no",NA,1.6094379124341,-5.1892834455239,6.798721357958,"Hedge's d","SD not imputed",0.406624072570896,0.0344827586206897,32
"151",386,386.1,0.553871916126196,0.0344827586206897,32,"mass loss","%","experimental","field","terrestrial","boreal forest","USA, Alaska",730,"Festuca altaica","broad leaves","1","nitrogen deposition",NA,"no",NA,1.6094379124341,-5.1892834455239,6.798721357958,"Hedge's d","SD not imputed",0.553871916126196,0.0344827586206897,32
"152",386,386.1,0.236456058957059,0.0344827586206897,32,"mass loss","%","experimental","field","terrestrial","boreal forest","USA, Alaska",730,"Vaccinium vitis-idaea; Festuca altaica","broad leaves","1","nitrogen deposition",NA,"no",NA,1.6094379124341,-5.1892834455239,6.798721357958,"Hedge's d","SD not imputed",0.236456058957059,0.0344827586206897,32
"153",395,395.1,3.61762072437475,0.2,8,"dry mass remaining","%","experimental","field","aquatic","tropical stream","Brazil",56,"Protium heptaphyllum","broad leaves","0.5","nutrient enrichment",NA,"yes","resource",NA,-5.1892834455239,NA,"Hedge's d","SD imputed",3.61762072437475,0.2,8
"154",247,247.1,-0.0851126490368783,0.0476190476190476,24,"dry mass remaining","%","experimental","field","terrestrial","regularly tilled fallow","UK",365,"Raphanus; Dactylis; Quercus","leaves","2","nutrient enrichment",NA,"no",NA,4.51305489708029,-5.1892834455239,9.70233834260419,"Hedge's d","SD imputed",-0.0851126490368783,0.0476190476190476,24
"155",247,247.2,-0.246132515157389,0.0476190476190476,24,"dry mass remaining","%","experimental","field","terrestrial","mature grassland","UK",365,"Raphanus; Dactylis; Quercus","leaves","2","nutrient enrichment",NA,"no",NA,4.51305489708029,-5.1892834455239,9.70233834260419,"Hedge's d","SD imputed",-0.246132515157389,0.0476190476190476,24
"156",247,247.3,-0.691098309746496,0.0476190476190476,24,"dry mass remaining","%","experimental","field","terrestrial","deciduous forest","UK",365,"Raphanus; Dactylis; Quercus","leaves","2","nutrient enrichment",NA,"no",NA,4.51305489708029,-5.1892834455239,9.70233834260419,"Hedge's d","SD imputed",-0.691098309746496,0.0476190476190476,24
"157",247,247.1,-0.220271729973248,0.0476190476190476,24,"dry mass remaining","%","experimental","field","terrestrial","regularly tilled fallow","UK",365,"Raphanus; Dactylis; Quercus","leaves","2","nutrient enrichment",NA,"no",NA,3.24837914706868,-5.1892834455239,8.43766259259258,"Hedge's d","SD imputed",-0.220271729973248,0.0476190476190476,24
"158",247,247.2,-0.206849498257606,0.0476190476190476,24,"dry mass remaining","%","experimental","field","terrestrial","mature grassland","UK",365,"Raphanus; Dactylis; Quercus","leaves","2","nutrient enrichment",NA,"no",NA,3.24837914706868,-5.1892834455239,8.43766259259258,"Hedge's d","SD imputed",-0.206849498257606,0.0476190476190476,24
"159",247,247.3,-0.349545040635517,0.0476190476190476,24,"dry mass remaining","%","experimental","field","terrestrial","deciduous forest","UK",365,"Raphanus; Dactylis; Quercus","leaves","2","nutrient enrichment",NA,"no",NA,3.24837914706868,-5.1892834455239,8.43766259259258,"Hedge's d","SD imputed",-0.349545040635517,0.0476190476190476,24
"160",247,247.1,-0.447067678661635,0.0476190476190476,24,"dry mass remaining","%","experimental","field","terrestrial","regularly tilled fallow","UK",365,"Raphanus; Dactylis; Quercus","leaves","2","nutrient enrichment",NA,"yes","resource",4.51305489708029,-5.1892834455239,9.70233834260419,"Hedge's d","SD imputed",-0.447067678661635,0.0476190476190476,24
"161",247,247.2,-0.166106939387857,0.0476190476190476,24,"dry mass remaining","%","experimental","field","terrestrial","mature grassland","UK",365,"Raphanus; Dactylis; Quercus","leaves","2","nutrient enrichment",NA,"yes","resource",4.51305489708029,-5.1892834455239,9.70233834260419,"Hedge's d","SD imputed",-0.166106939387857,0.0476190476190476,24
"162",247,247.3,-0.735258431120639,0.0476190476190476,24,"dry mass remaining","%","experimental","field","terrestrial","deciduous forest","UK",365,"Raphanus; Dactylis; Quercus","leaves","2","nutrient enrichment",NA,"yes","resource",4.51305489708029,-5.1892834455239,9.70233834260419,"Hedge's d","SD imputed",-0.735258431120639,0.0476190476190476,24
"163",247,247.1,-0.455262349999684,0.0476190476190476,24,"dry mass remaining","%","experimental","field","terrestrial","regularly tilled fallow","UK",365,"Raphanus; Dactylis; Quercus","leaves","2","nutrient enrichment",NA,"yes","resource",3.24837914706868,-5.1892834455239,8.43766259259258,"Hedge's d","SD imputed",-0.455262349999684,0.0476190476190476,24
"164",247,247.2,-0.587288853913368,0.0476190476190476,24,"dry mass remaining","%","experimental","field","terrestrial","mature grassland","UK",365,"Raphanus; Dactylis; Quercus","leaves","2","nutrient enrichment",NA,"yes","resource",3.24837914706868,-5.1892834455239,8.43766259259258,"Hedge's d","SD imputed",-0.587288853913368,0.0476190476190476,24
"165",247,247.3,-1.13931103614466,0.0476190476190476,24,"dry mass remaining","%","experimental","field","terrestrial","deciduous forest","UK",365,"Raphanus; Dactylis; Quercus","leaves","2","nutrient enrichment",NA,"yes","resource",3.24837914706868,-5.1892834455239,8.43766259259258,"Hedge's d","SD imputed",-1.13931103614466,0.0476190476190476,24
