"","studyID","Case.study","zcor.ECD.B","var.zcor.ECD.B","n.replicate.B","zcor.ECD.LD","var.zcor.ECD.LD","n.replicate.LD","study_type","experiment_type","system","ecosystem","country","litter.species","litter.type","exp_duration","meshsize..mm.","LD.metric","LD.unit","B.sampling","taxonomic.group","community.nature","consumer.taxa","B.metric","B.unit","ECD_subcategory","ECD_identity","ECD_mixture","ECD_mixture_identity_type","ECD_intensity_norm_max","ECD_intensity_norm_min","ECD_magnitude","ES_origin","B_imputation_M1","B_imputation_M2","k_rate_imputation_M1"
"1",34,34.1,-0.677666067757962,0.0144927536231884,72,-1.12702902604969,0.0144927536231884,72,"observational","field","aquatic","stream","France","Alnus glutinosa","broad leaves",21,"9","rate (k)","d-1","litterbag","A","DFW","invertebrates","taxa richness","no./bag","pesticides","pesticide mixture","yes","stressors",-1.8,-5.6,3.8,"Correlation","SD not imputed","SD not imputed","SD not imputed"
"2",34,34.1,-0.907644983319125,0.0144927536231884,72,-1.12702902604969,0.0144927536231884,72,"observational","field","aquatic","stream","France","Alnus glutinosa","broad leaves",21,"9","rate (k)","d-1","litterbag","A","D","shredders","taxa richness","no./bag","pesticides","pesticide mixture","yes","stressors",-1.8,-5.6,3.8,"Correlation","SD not imputed","SD not imputed","SD not imputed"
"3",34,34.1,0.266108406873654,0.0144927536231884,72,0.130739850028878,0.0144927536231884,72,"observational","field","aquatic","stream","France","Alnus glutinosa","broad leaves",21,"0.5","rate (k)","d-1","litterbag","M","D","fungi","taxa richness","no./bag","pesticides","pesticide mixture","yes","stressors",0.8,-4.89,5.69,"Correlation","SD not imputed","SD not imputed","SD not imputed"
"4",25,25.1,-0.366623079793088,0.0416666666666667,27,0.173570164140982,0.00952380952380952,108,"observational","field","aquatic","boreal stream","Sweden","Alnus glutinosa","broad leaves",34,"5","rate (k)","d-1","litterbag","A","DFW","invertebrates","taxa richness","no./bag","nutrient enrichment","DIN","yes","stressors, resources",-0.752880039971948,-5.1892834455239,4.43640340555195,"Correlation","SD not imputed","SD not imputed","SD not imputed"
"5",42,42.1,-0.825650416389016,0.0666666666666667,18,-0.259937866708111,0.0666666666666667,18,"observational","field","aquatic","stream","Italy","Alder; Oak; white hornbeam","leaves and twigs",21,"10","mass loss","ratio","litterbag","A","DFW","invertebrates","taxa richness","no./bag","wastewater","NH4","yes","stressors, resources",3.44922535067274,-2.55876849838646,6.0079938490592,"Correlation","SD not imputed","SD not imputed","SD not imputed"
"6",42,42.1,-1.40406216031592,0.0666666666666667,18,-0.259937866708111,0.0666666666666667,18,"observational","field","aquatic","stream","Italy","Alder; Oak; white hornbeam","leaves and twigs",21,"10","mass loss","ratio","litterbag","A","DFW","invertebrates","Shannon index","per bag","wastewater","NH4","yes","stressors, resources",3.44922535067274,-2.55876849838646,6.0079938490592,"Correlation","SD not imputed","SD not imputed","SD not imputed"
"7",42,42.1,-0.52162146488118,0.0666666666666667,18,0.576533775760138,0.0666666666666667,18,"observational","field","aquatic","stream","Italy","Prunus laurocerasus","leaves and twigs",21,"10","mass loss","ratio","litterbag","A","DFW","invertebrates","Shannon index","per bag","wastewater","NH4","yes","stressors, resources",3.44922535067274,-2.55876849838646,6.0079938490592,"Correlation","SD not imputed","SD not imputed","SD not imputed"
"8",42,42.1,-0.187913949290198,0.0666666666666667,18,0.576533775760138,0.0666666666666667,18,"observational","field","aquatic","stream","Italy","Prunus laurocerasus","leaves and twigs",21,"10","mass loss","ratio","litterbag","A","DFW","invertebrates","taxa richness","per bag","wastewater","NH4","yes","stressors, resources",3.44922535067274,-2.55876849838646,6.0079938490592,"Correlation","SD not imputed","SD not imputed","SD not imputed"
"9",42,42.1,-1.40931120161522,0.0666666666666667,18,-0.214453287054584,0.0666666666666667,18,"observational","field","aquatic","stream","Italy","Robinia pseudoacacia","leaves and twigs",21,"10","mass loss","ratio","litterbag","A","DFW","invertebrates","Shannon index","per bag","wastewater","NH4","yes","stressors, resources",3.44922535067274,-2.55876849838646,6.0079938490592,"Correlation","SD not imputed","SD not imputed","SD not imputed"
"10",42,42.1,-1.14633960555061,0.0666666666666667,18,-0.214453287054584,0.0666666666666667,18,"observational","field","aquatic","stream","Italy","Robinia pseudoacacia","leaves and twigs",21,"10","mass loss","ratio","litterbag","A","DFW","invertebrates","taxa richness","per bag","wastewater","NH4","yes","stressors, resources",3.44922535067274,-2.55876849838646,6.0079938490592,"Correlation","SD not imputed","SD not imputed","SD not imputed"
"11",47,47.1,-1.95170443383784,0.0333333333333333,33,-1.04174682703602,0.00980392156862745,105,"observational","field","aquatic","Mountain stream","USA","Salix spp.","broad leaves",171,"5","rate (k)","d-1","Hess sampler","A","D","shredders","taxa richness","no./sample","metals","Zn","yes","stressors",2.87734225760583,0.342004754190939,2.53533750341489,"Correlation","SD not imputed","SD not imputed","SD not imputed"
"12",96,96.1,0.247139449299692,0.5,4,-0.574435241027575,0.0769230769230769,16,"experimental","microcosm","aquatic","stream","Portugal","Alnus glutinosa","leaf discs",40,NA,"dry mass remaining","%","leaf discs","M","D","fungi","taxa richness","no. species/sample","metals","Zn","no",NA,6.16586647676387,-5.1892834455239,11.3551499222878,"Correlation","VAR zcor imputed","VAR zcor imputed","SD approximated"
"13",98,98.1,0.0332002601323464,0.5,5,-0.422361380827224,0.0072992700729927,140,"observational","field","aquatic","stream","Portugal","Alnus glutinosa","broad leaves",77,"0.5","rate (k)","d-1","litterbag","M","D","bacteria","taxa richness","total no. OTUs per composite sample","nutrient enrichment","NH4","yes","stressors, resources",4.5173220954149,-3.65738078705457,8.17470288246947,"Correlation","SD not imputed","SD not imputed","SD not imputed"
"14",98,98.1,0.00799121432289669,0.5,5,-0.422361380827224,0.0072992700729927,140,"observational","field","aquatic","stream","Portugal","Alnus glutinosa","broad leaves",77,"0.5","rate (k)","d-1","litterbag","M","D","fungi","taxa richness","total no. OTUs per composite sample","nutrient enrichment","NH4","yes","stressors, resources",4.5173220954149,-3.65738078705457,8.17470288246947,"Correlation","SD not imputed","SD not imputed","SD not imputed"
"15",98,98.1,-1.0881545868691,0.5,5,-0.422361380827224,0.0072992700729927,140,"observational","field","aquatic","stream","Portugal","Alnus glutinosa","broad leaves",77,"0.5","rate (k)","d-1","litterbag","M","D","fungi","taxa richness","total no. sporulating species per composite sample","nutrient enrichment","NH4","yes","stressors, resources",4.5173220954149,-3.65738078705457,8.17470288246947,"Correlation","SD not imputed","SD not imputed","SD not imputed"
"16",98,98.1,1.09496796681266,0.5,5,-0.422361380827224,0.0072992700729927,140,"observational","field","aquatic","stream","Portugal","Alnus glutinosa","broad leaves",77,"0.5","rate (k)","d-1","litterbag","M","D","bacteria","Evenness","total OTU-based per composite sample","nutrient enrichment","NH4","yes","stressors, resources",4.5173220954149,-3.65738078705457,8.17470288246947,"Correlation","SD not imputed","SD not imputed","SD not imputed"
"17",98,98.1,1.12050594307334,0.5,5,-0.422361380827224,0.0072992700729927,140,"observational","field","aquatic","stream","Portugal","Alnus glutinosa","broad leaves",77,"0.5","rate (k)","d-1","litterbag","M","D","bacteria","Shannon index","total OTU-based per composite sample","nutrient enrichment","NH4","yes","stressors, resources",4.5173220954149,-3.65738078705457,8.17470288246947,"Correlation","SD not imputed","SD not imputed","SD not imputed"
"18",98,98.1,-1.27159797015854,0.5,5,-0.422361380827224,0.0072992700729927,140,"observational","field","aquatic","stream","Portugal","Alnus glutinosa","broad leaves",77,"0.5","rate (k)","d-1","litterbag","M","D","fungi","Evenness","total OTU-based per composite sample","nutrient enrichment","NH4","yes","stressors, resources",4.5173220954149,-3.65738078705457,8.17470288246947,"Correlation","SD not imputed","SD not imputed","SD not imputed"
"19",98,98.1,-2.05334950613725,0.5,5,-0.422361380827224,0.0072992700729927,140,"observational","field","aquatic","stream","Portugal","Alnus glutinosa","broad leaves",77,"0.5","rate (k)","d-1","litterbag","M","D","fungi","Shannon index","total OTU-based per composite sample","nutrient enrichment","NH4","yes","stressors, resources",4.5173220954149,-3.65738078705457,8.17470288246947,"Correlation","SD not imputed","SD not imputed","SD not imputed"
"20",98,98.1,-0.866758617201859,0.5,5,-0.422361380827224,0.0072992700729927,140,"observational","field","aquatic","stream","Portugal","Alnus glutinosa","broad leaves",77,"0.5","rate (k)","d-1","litterbag","M","D","fungi","Evenness","total per composite sample","nutrient enrichment","NH4","yes","stressors, resources",4.5173220954149,-3.65738078705457,8.17470288246947,"Correlation","SD not imputed","SD not imputed","SD not imputed"
"21",98,98.1,-0.856195361806311,0.5,5,-0.422361380827224,0.0072992700729927,140,"observational","field","aquatic","stream","Portugal","Alnus glutinosa","broad leaves",77,"0.5","rate (k)","d-1","litterbag","M","D","fungi","Shannon index","total per composite sample","nutrient enrichment","NH4","yes","stressors, resources",4.5173220954149,-3.65738078705457,8.17470288246947,"Correlation","SD not imputed","SD not imputed","SD not imputed"
"22",98,98.2,-1.0867857316363,0.5,5,-0.819249732335118,0.0072992700729927,140,"observational","field","aquatic","stream","France","Alnus glutinosa","broad leaves",77,"0.5","rate (k)","d-1","litterbag","M","D","bacteria","taxa richness","total no. OTUs per composite sample","nutrient enrichment","NH4","yes","stressors, resources",3.14501397626975,-1.78557861015297,4.93059258642272,"Correlation","SD not imputed","SD not imputed","SD not imputed"
"23",98,98.2,-1.12175343971484,0.5,5,-0.819249732335118,0.0072992700729927,140,"observational","field","aquatic","stream","France","Alnus glutinosa","broad leaves",77,"0.5","rate (k)","d-1","litterbag","M","D","fungi","taxa richness","total no. OTUs per composite sample","nutrient enrichment","NH4","yes","stressors, resources",3.14501397626975,-1.78557861015297,4.93059258642272,"Correlation","SD not imputed","SD not imputed","SD not imputed"
"24",98,98.2,-0.860905722249154,0.5,5,-0.819249732335118,0.0072992700729927,140,"observational","field","aquatic","stream","France","Alnus glutinosa","broad leaves",77,"0.5","rate (k)","d-1","litterbag","M","D","fungi","taxa richness","total no. sporulating species per composite sample","nutrient enrichment","NH4","yes","stressors, resources",3.14501397626975,-1.78557861015297,4.93059258642272,"Correlation","SD not imputed","SD not imputed","SD not imputed"
"25",98,98.2,0.381287178425979,0.5,5,-0.819249732335118,0.0072992700729927,140,"observational","field","aquatic","stream","France","Alnus glutinosa","broad leaves",77,"0.5","rate (k)","d-1","litterbag","M","D","bacteria","Evenness","total OTU-based per composite sample","nutrient enrichment","NH4","yes","stressors, resources",3.14501397626975,-1.78557861015297,4.93059258642272,"Correlation","SD not imputed","SD not imputed","SD not imputed"
"26",98,98.2,0.121023608646912,0.5,5,-0.819249732335118,0.0072992700729927,140,"observational","field","aquatic","stream","France","Alnus glutinosa","broad leaves",77,"0.5","rate (k)","d-1","litterbag","M","D","bacteria","Shannon index","total OTU-based per composite sample","nutrient enrichment","NH4","yes","stressors, resources",3.14501397626975,-1.78557861015297,4.93059258642272,"Correlation","SD not imputed","SD not imputed","SD not imputed"
"27",98,98.2,0.042391510561407,0.5,5,-0.819249732335118,0.0072992700729927,140,"observational","field","aquatic","stream","France","Alnus glutinosa","broad leaves",77,"0.5","rate (k)","d-1","litterbag","M","D","fungi","Evenness","total OTU-based per composite sample","nutrient enrichment","NH4","yes","stressors, resources",3.14501397626975,-1.78557861015297,4.93059258642272,"Correlation","SD not imputed","SD not imputed","SD not imputed"
"28",98,98.2,-0.823718616042848,0.5,5,-0.819249732335118,0.0072992700729927,140,"observational","field","aquatic","stream","France","Alnus glutinosa","broad leaves",77,"0.5","rate (k)","d-1","litterbag","M","D","fungi","Shannon index","total OTU-based per composite sample","nutrient enrichment","NH4","yes","stressors, resources",3.14501397626975,-1.78557861015297,4.93059258642272,"Correlation","SD not imputed","SD not imputed","SD not imputed"
"29",98,98.2,-0.352759588147723,0.5,5,-0.819249732335118,0.0072992700729927,140,"observational","field","aquatic","stream","France","Alnus glutinosa","broad leaves",77,"0.5","rate (k)","d-1","litterbag","M","D","fungi","Evenness","total per composite sample","nutrient enrichment","NH4","yes","stressors, resources",3.14501397626975,-1.78557861015297,4.93059258642272,"Correlation","SD not imputed","SD not imputed","SD not imputed"
"30",98,98.2,-0.601525259167645,0.5,5,-0.819249732335118,0.0072992700729927,140,"observational","field","aquatic","stream","France","Alnus glutinosa","broad leaves",77,"0.5","rate (k)","d-1","litterbag","M","D","fungi","Shannon index","total per composite sample","nutrient enrichment","NH4","yes","stressors, resources",3.14501397626975,-1.78557861015297,4.93059258642272,"Correlation","SD not imputed","SD not imputed","SD not imputed"
"31",101,101.1,0.23563972629211,0.0175438596491228,60,-0.51876495460604,0.0175438596491228,60,"observational","field","aquatic","stream","Portugal","Chestnut","broad leaves",28,"5","rate (k)","d-1","litterbag","A","DFW","invertebrates","taxa richness","no./bag","eutrophication","NH4","yes","stressors, resources",3.13271644845934,-3.65738078705457,6.79009723551391,"Correlation","SD not imputed","SD not imputed","SD not imputed"
"32",101,101.1,-0.309844555218159,0.0175438596491228,60,-0.51876495460604,0.0175438596491228,60,"observational","field","aquatic","stream","Portugal","Chestnut","broad leaves",28,"5","rate (k)","d-1","litterbag","M","D","fungi","taxa richness","no./bag","eutrophication","NH4","yes","stressors, resources",3.13271644845934,-3.65738078705457,6.79009723551391,"Correlation","SD not imputed","SD not imputed","SD not imputed"
"33",119,119.1,-0.163735864277489,0.5,4,0.157989410121141,0.111111111111111,12,"experimental","laboratory","aquatic","stream","Portugal","Alnus glutinosa","leaf discs",1,NA,"mass loss","%","litterbag","M","D","fungi","taxa richness","no./composite sample","nutrient enrichment","SRP","no",NA,2.73111547403321,-5.1892834455239,7.92039891955711,"Correlation","VAR zcor imputed","VAR zcor imputed","SD not imputed"
"34",119,119.1,-1.57466574630276,0.5,4,-1.03077420353712,0.111111111111111,12,"experimental","laboratory","aquatic","stream","Portugal","Alnus glutinosa","leaf discs",35,NA,"mass loss","%","litterbag","M","D","fungi","taxa richness","no./composite sample","metals","Zn","no",NA,6.16484658886313,-5.1892834455239,11.354130034387,"Correlation","VAR zcor imputed","VAR zcor imputed","SD not imputed"
"35",123,123.1,-0.614661323098108,0.0208333333333333,51,-0.175894359220997,0.0121951219512195,85,"observational","field","aquatic","streams","Germany","Alnus glutinosa","broad leaves",19,"0.25","rate (k)","d-1","leaf discs","M","D","fungi","taxa richness","no./sample","pesticides","pesticide mixture","yes","stressors, resources",0.532587115547503,-1.05664808956908,1.58923520511658,"Correlation","SD not imputed","SD not imputed","SD not imputed"
"36",123,123.1,-0.308574393588737,0.0714285714285714,17,-0.0860964118610402,0.0140845070422535,74,"observational","field","aquatic","streams","Germany","Alnus glutinosa","broad leaves",19,"8","rate (k)","d-1","litterbag","A","D","shredders","taxa richness","no./composite sample","pesticides","pesticide mixture","yes","stressors, resources",0.57500693825572,-2.09286456201198,2.6678715002677,"Correlation","SD not imputed","SD not imputed","SD not imputed"
"37",123,123.1,-0.0971681448282832,0.0714285714285714,17,-0.0860964118610402,0.0140845070422535,74,"observational","field","aquatic","streams","Germany","Alnus glutinosa","broad leaves",19,"8","rate (k)","d-1","litterbag","A","DFW","invertebrates","taxa richness","no./composite sample","pesticides","pesticide mixture","yes","stressors, resources",0.57500693825572,-2.09286456201198,2.6678715002677,"Correlation","SD not imputed","SD not imputed","SD not imputed"
"38",129,129.1,1.12576614488361,0.5,5,0.22805418117739,0.0103092783505155,100,"experimental","field","aquatic","stream","Portugal","Ochroma pyramidale","wood/veneer",94.5,"10","rate (k)","d-1","litterbag","M","D","fungi","taxa richness","total no. taxa","nutrient enrichment","NO3","no",NA,-1.13046498721933,-3.6954143445996,2.56494935738027,"Correlation","SD not imputed","SD not imputed","SD not imputed"
"39",129,129.1,-0.585487969555348,0.5,5,0.569521714674825,0.0103092783505155,100,"experimental","field","aquatic","stream","Portugal","Alnus glutinosa","broad leaves",35,"10","rate (k)","d-1","litterbag","M","D","fungi","taxa richness","total no. taxa","nutrient enrichment","NO3","no",NA,-1.13046498721933,-3.6954143445996,2.56494935738027,"Correlation","SD not imputed","SD not imputed","SD not imputed"
"40",129,129.1,0.371676737523751,0.5,5,0.574514756637783,0.0103092783505155,100,"experimental","field","aquatic","stream","Portugal","Quercus robur","broad leaves",94.5,"10","rate (k)","d-1","litterbag","M","D","fungi","taxa richness","total no. taxa","nutrient enrichment","NO3","no",NA,-1.13046498721933,-3.6954143445996,2.56494935738027,"Correlation","SD not imputed","SD not imputed","SD not imputed"
"41",157,157.1,0.28610895676177,0.111111111111111,12,0.697447534703529,0.00709219858156028,144,"observational","field","aquatic","stream","USA","red maple","broad leaves",147,"4","rate (k)","d-1","litterbag","A","DFW","invertebrates","taxa richness","per stream","nutrient enrichment","SRP","yes","stressors, resources",-2.14849155765665,-2.95286437332682,0.80437281567017,"Correlation","SD not imputed","SD not imputed","SD not imputed"
"42",180,180.1,-0.58240554560279,0.0555555555555556,21,-0.824864684656284,0.00980392156862745,105,"observational","field","aquatic","stream","USA","Acer saccharinum","broad leaves",56,"10","rate (k)","d-1","kicknet and dip net","A","bioindicators","EPT","taxa richness","no./composite sample","acid mine drainage","Al","yes","stressors",3.60811809746948,0.321583624127462,3.28653447334202,"Correlation","SD not imputed","SD not imputed","SD not imputed"
"43",180,180.1,-1.17626473102635,0.0555555555555556,21,-0.824864684656284,0.00980392156862745,105,"observational","field","aquatic","stream","USA","Acer saccharinum","broad leaves",56,"10","rate (k)","d-1","kicknet and dip net","A","W","invertebrates","taxa richness","no./composite sample","acid mine drainage","Al","yes","stressors",3.60811809746948,0.321583624127462,3.28653447334202,"Correlation","SD not imputed","SD not imputed","SD not imputed"
"44",203,203.1,-0.913888848386706,0.0144927536231884,72,-1.34071032044787,0.0196078431372549,54,"observational","field","aquatic","stream","France","Alnus glutinosa","broad leaves",27,"10","rate (k)","d-1","Surber sampler","A","D","shredders","taxa richness","per m2","eutrophication","NH4","yes","stressors, resources",1.61073507076035,-1.80892597414997,3.41966104491032,"Correlation","SD not imputed","SD not imputed","SD not imputed"
"45",203,203.1,-0.522440489605897,0.0144927536231884,72,-1.34071032044787,0.0196078431372549,54,"observational","field","aquatic","stream","France","Alnus glutinosa","broad leaves",27,"10","rate (k)","d-1","Surber sampler","A","W","invertebrates","Shannon index","per sample","eutrophication","NH4","yes","stressors, resources",1.61073507076035,-1.80892597414997,3.41966104491032,"Correlation","SD not imputed","SD not imputed","SD not imputed"
"46",213,213.1,-0.798228197972328,0.00350877192982456,288,-0.474722808968374,0.00350877192982456,288,"observational","field","aquatic","estuary","Portugal","Fucus vesiculosus","algae cut in 8 cm long fragments",30,"5","rate (k)","d-1","litterbag","A","DFW","invertebrates","taxa richness","no./bag","metals","Hg","yes","stressors",2.00143640728089,-5.1892834455239,7.19071985280479,"Correlation","SD not imputed","SD not imputed","SD not imputed"
"47",213,213.1,-0.38245790765987,0.00350877192982456,288,-0.474722808968374,0.00350877192982456,288,"observational","field","aquatic","estuary","Portugal","Fucus vesiculosus","algae cut in 8 cm long fragments",30,"5","rate (k)","d-1","litterbag","A","DFW","invertebrates","Shannon index","per bag","metals","Hg","yes","stressors",2.00143640728089,-5.1892834455239,7.19071985280479,"Correlation","SD not imputed","SD not imputed","SD not imputed"
"48",213,213.1,-0.866618805131861,0.010752688172043,96,-0.474722808968374,0.00350877192982456,288,"observational","field","aquatic","estuary","Portugal","Fucus vesiculosus","algae cut in 8 cm long fragments",30,"5","rate (k)","d-1","core","A","W","invertebrates","Shannon index","per core sample","metals","Hg","yes","stressors",2.00143640728089,-5.1892834455239,7.19071985280479,"Correlation","SD not imputed","SD not imputed","SD not imputed"
"49",213,213.1,-0.766942481950865,0.010752688172043,96,-0.474722808968374,0.00350877192982456,288,"observational","field","aquatic","estuary","Portugal","Fucus vesiculosus","algae cut in 8 cm long fragments",30,"5","rate (k)","d-1","core","A","W","invertebrates","taxa richness","per core sample","metals","Hg","yes","stressors",2.00143640728089,-5.1892834455239,7.19071985280479,"Correlation","SD not imputed","SD not imputed","SD not imputed"
"50",213,213.1,-0.493224037029444,0.00350877192982456,288,-0.199218119222792,0.00350877192982456,288,"observational","field","aquatic","estuary","Portugal","Phragmites australis","broad leaves cut in 8 cm long fragments",30,"5","rate (k)","d-1","litterbag","A","DFW","invertebrates","taxa richness","no./bag","metals","Hg","yes","stressors",2.00143640728089,-5.1892834455239,7.19071985280479,"Correlation","SD not imputed","SD not imputed","SD not imputed"
"51",213,213.1,-0.514321616071429,0.00350877192982456,288,-0.199218119222792,0.00350877192982456,288,"observational","field","aquatic","estuary","Portugal","Phragmites australis","broad leaves cut in 8 cm long fragments",30,"5","rate (k)","d-1","litterbag","A","DFW","invertebrates","Shannon index","per bag","metals","Hg","yes","stressors",2.00143640728089,-5.1892834455239,7.19071985280479,"Correlation","SD not imputed","SD not imputed","SD not imputed"
"52",213,213.1,-0.866618805131861,0.010752688172043,96,-0.199218119222792,0.00350877192982456,288,"observational","field","aquatic","estuary","Portugal","Phragmites australis","broad leaves cut in 8 cm long fragments",30,"5","rate (k)","d-1","core","A","W","invertebrates","Shannon index","per core sample","metals","Hg","yes","stressors",2.00143640728089,-5.1892834455239,7.19071985280479,"Correlation","SD not imputed","SD not imputed","SD not imputed"
"53",213,213.1,-0.766942481950865,0.010752688172043,96,-0.199218119222792,0.00350877192982456,288,"observational","field","aquatic","estuary","Portugal","Phragmites australis","broad leaves cut in 8 cm long fragments",30,"5","rate (k)","d-1","core","A","W","invertebrates","taxa richness","per core sample","metals","Hg","yes","stressors",2.00143640728089,-5.1892834455239,7.19071985280479,"Correlation","SD not imputed","SD not imputed","SD not imputed"
"54",215,215.1,-1.32230780580821,0.5,4,0.286667960195335,0.0144927536231884,72,"observational","field","terrestrial","forest (brownfield)","France","Populus tremula","broad leaves without petioles",283,"5","rate (k)","d-1","pitfall traps","A","W","macrofauna","taxa richness","no./composite sample","metals","Pb","yes","stressors",6.30787328773879,0.277801963852074,6.03007132388672,"Correlation","VAR zcor imputed","VAR zcor imputed","SD not imputed"
"55",215,215.1,-1.32230780580821,0.5,4,0.900932372419048,0.0144927536231884,72,"observational","field","terrestrial","forest (brownfield)","France","Populus tremula","broad leaves without petioles",283,"5","rate (k)","d-1","pitfall traps","A","W","macrofauna","taxa richness","no./composite sample","metals","Pb","yes","stressors",6.30787328773879,0.277801963852074,6.03007132388672,"Correlation","VAR zcor imputed","VAR zcor imputed","SD not imputed"
"56",215,215.1,-1.32230780580821,0.5,4,0.949927299488322,0.0144927536231884,72,"observational","field","terrestrial","forest (brownfield)","France","Populus tremula","broad leaves without petioles",283,"5","rate (k)","d-1","pitfall traps","A","W","macrofauna","taxa richness","no./composite sample","metals","Pb","yes","stressors",6.30787328773879,0.277801963852074,6.03007132388672,"Correlation","VAR zcor imputed","VAR zcor imputed","SD not imputed"
"57",252,252.1,-1.44172016135563,0.333333333333333,6,-1.61987015782218,0.0666666666666667,18,"experimental","microcosms","aquatic","stream","Portugal","Alnus glutinosa","leaf discs",24,"0.5","mass loss","%","conidial suspension","M","D","fungi","taxa richness","no. conidial morphotypes/composite sample","metals","Cd","no",NA,10.0725638825801,-5.1892834455239,15.261847328104,"Correlation","SD not imputed","SD not imputed","SD not imputed"
"58",252,252.1,-1.22742213045555,0.333333333333333,6,-1.61987015782218,0.0666666666666667,18,"experimental","microcosms","aquatic","stream","Portugal","Alnus glutinosa","leaf discs",24,"0.5","mass loss","%","litterbag","M","D","fungi","taxa richness","no. OTUs/composite sample","metals","Cd","no",NA,10.0725638825801,-5.1892834455239,15.261847328104,"Correlation","SD not imputed","SD not imputed","SD not imputed"
"59",254,254.1,-0.337686667062815,0.0625,19,-0.641154939804932,0.0185185185185185,57,"observational","field","aquatic","stream","Germany","Birch","broad leaves",21,"coarse","rate (k) invertebrates","d-1","Surber sampler","A","W","invertebrates","taxa richness","no./composite sample","pesticides","pesticide mixture","yes","stressors, resources",0.566395474920802,-1.43508452528932,2.00148000021012,"Correlation","SD not imputed","SD not imputed","SD not imputed"
"60",275,275.1,0.898570208943,0.5,5,1.29927541693441,0.0114942528735632,90,"observational","field","aquatic","river","Portugal","Alnus glutinosa","broad leaves",35,"0.5","rate (k)","d-1","litterbag","M","D","fungi","taxa richness","total richness","wastewater","SRP","yes","stressors, resources",2.00148000021012,-0.105360515657826,2.10684051586795,"Correlation","SD not imputed","SD not imputed","SD not imputed"
"61",275,275.1,-0.34564028998426,0.333333333333333,6,1.71745603432576,0.0114942528735632,90,"observational","field","aquatic","river","Portugal","Alnus glutinosa","broad leaves",35,"10","rate (k)","d-1","litterbag","A","DFW","invertebrates","taxa richness","total richness","wastewater","SRP","yes","stressors, resources",2.00148000021012,-0.105360515657826,2.10684051586795,"Correlation","SD not imputed","SD not imputed","SD not imputed"
"62",279,279.1,-0.337822180092925,0.037037037037037,30,-0.177005109601303,0.00680272108843537,150,"observational","field","aquatic","stream","Spain","Alnus glutinosa","broad leaves",58,"5","rate (k)","%AFDM.d-1","litterbag","A","D","shredders","Shannon index","per bag","eutrophication","SRP","yes","resource",0.588651227843739,-0.785472597727358,1.3741238255711,"Correlation","SD not imputed","SD not imputed","SD not imputed"
"63",279,279.1,-0.586266891307197,0.037037037037037,30,-0.177005109601303,0.00680272108843537,150,"observational","field","aquatic","stream","Spain","Alnus glutinosa","broad leaves",58,"5","rate (k)","%AFDM.d-1","litterbag","A","D","shredders","taxa richness","per bag","eutrophication","SRP","yes","resource",0.588651227843739,-0.785472597727358,1.3741238255711,"Correlation","SD not imputed","SD not imputed","SD not imputed"
"64",279,279.1,-0.665232381377465,0.037037037037037,30,-0.177005109601303,0.00680272108843537,150,"observational","field","aquatic","stream","Spain","Alnus glutinosa","broad leaves",58,"5","rate (k)","%AFDM.d-1","litterbag","A","DFW","invertebrates","Shannon index","per bag","eutrophication","SRP","yes","resource",0.588651227843739,-0.785472597727358,1.3741238255711,"Correlation","SD not imputed","SD not imputed","SD not imputed"
"65",279,279.1,0.0158302386787188,0.037037037037037,30,-0.177005109601303,0.00680272108843537,150,"observational","field","aquatic","stream","Spain","Alnus glutinosa","broad leaves",58,"5","rate (k)","%AFDM.d-1","litterbag","A","DFW","invertebrates","taxa richness","per bag","eutrophication","SRP","yes","resource",0.588651227843739,-0.785472597727358,1.3741238255711,"Correlation","SD not imputed","SD not imputed","SD not imputed"
"66",279,279.1,0.669255513528972,0.037037037037037,30,-0.177005109601303,0.00680272108843537,150,"observational","field","aquatic","stream","Spain","Alnus glutinosa","broad leaves",58,"5","rate (k)","%AFDM.d-1","litterbag","M","D","fungi","Shannon index","per bag","eutrophication","SRP","yes","resource",0.588651227843739,-0.785472597727358,1.3741238255711,"Correlation","SD not imputed","SD not imputed","SD not imputed"
"67",279,279.1,0.670755804959865,0.037037037037037,30,-0.177005109601303,0.00680272108843537,150,"observational","field","aquatic","stream","Spain","Alnus glutinosa","broad leaves",58,"5","rate (k)","%AFDM.d-1","litterbag","M","D","fungi","taxa richness","taxa/bag","eutrophication","SRP","yes","resource",0.588651227843739,-0.785472597727358,1.3741238255711,"Correlation","SD not imputed","SD not imputed","SD not imputed"
"68",289,289.1,-0.0333065128092141,0.0104166666666667,99,-1.07908458255535,0.00564971751412429,180,"observational","field","aquatic","stream","France","Fagus sylvatica","broad leaves",66,"6","rate (k)","d-1","litterbag","A","D","shredders","taxa richness","per bag","nutrient enrichment","NH4","yes","stressors, resources",0.785270469435751,-0.458707669503884,1.24397813893963,"Correlation","SD not imputed","SD not imputed","SD not imputed"
"69",289,289.1,0.612412599894619,0.0104166666666667,99,-1.07908458255535,0.00564971751412429,180,"observational","field","aquatic","stream","France","Fagus sylvatica","broad leaves",66,"6","rate (k)","d-1","litterbag","A","DFW","deposit-feeder","taxa richness","per bag","nutrient enrichment","NH4","yes","stressors, resources",0.785270469435751,-0.458707669503884,1.24397813893963,"Correlation","SD not imputed","SD not imputed","SD not imputed"
"70",289,289.1,0.27440516264909,0.0104166666666667,99,-1.07908458255535,0.00564971751412429,180,"observational","field","aquatic","stream","France","Fagus sylvatica","broad leaves",66,"6","rate (k)","d-1","litterbag","A","DFW","invertebrates","taxa richness","per bag","nutrient enrichment","NH4","yes","stressors, resources",0.785270469435751,-0.458707669503884,1.24397813893963,"Correlation","SD not imputed","SD not imputed","SD not imputed"
"71",289,289.1,0.0496112537619138,0.0104166666666667,99,-1.07908458255535,0.00564971751412429,180,"observational","field","aquatic","stream","France","Fagus sylvatica","broad leaves",66,"6","rate (k)","d-1","litterbag","A","DFW","scrapers","taxa richness","per bag","nutrient enrichment","NH4","yes","stressors, resources",0.785270469435751,-0.458707669503884,1.24397813893963,"Correlation","SD not imputed","SD not imputed","SD not imputed"
"72",317,317.1,0.118027935361647,0.0434782608695652,26,0.402451217262343,0.0277777777777778,39,"observational","field","aquatic","stream","Finland","Alnus glutinosa","broad leaves",21,"6","rate (k) invertebrates","d-1","Surber sampler","A","W","invertebrates","Evenness","no./composite sample","pesticides","pesticide mixture","yes","stressors, resources",-0.514005276683371,-1.25276296849537,0.738757691811999,"Correlation","SD not imputed","SD not imputed","SD not imputed"
"73",317,317.1,0.10628795963015,0.0434782608695652,26,0.402451217262343,0.0277777777777778,39,"observational","field","aquatic","stream","Finland","Alnus glutinosa","broad leaves",21,"6","rate (k) invertebrates","d-1","Surber sampler","A","W","invertebrates","Shannon index","no./composite sample","pesticides","pesticide mixture","yes","stressors, resources",-0.514005276683371,-1.25276296849537,0.738757691811999,"Correlation","SD not imputed","SD not imputed","SD not imputed"
"74",317,317.1,-0.0487300831898871,0.0434782608695652,26,0.402451217262343,0.0277777777777778,39,"observational","field","aquatic","stream","Finland","Alnus glutinosa","broad leaves",21,"6","rate (k) invertebrates","d-1","Surber sampler","A","W","invertebrates","taxa richness","no./composite sample","pesticides","pesticide mixture","yes","stressors, resources",-0.514005276683371,-1.25276296849537,0.738757691811999,"Correlation","SD not imputed","SD not imputed","SD not imputed"
"75",317,317.2,-0.790180909442071,0.0344827586206897,32,-0.451052118281448,0.0222222222222222,48,"observational","field","aquatic","stream","France","Alnus glutinosa","broad leaves",21,"6","rate (k) invertebrates","d-1","Surber sampler","A","W","invertebrates","Evenness","no./composite sample","pesticides","pesticide mixture","yes","stressors, resources",0.902867711542014,-1.25276296849537,2.15563068003738,"Correlation","SD not imputed","SD not imputed","SD not imputed"
"76",317,317.2,-0.805650231925055,0.0344827586206897,32,-0.451052118281448,0.0222222222222222,48,"observational","field","aquatic","stream","France","Alnus glutinosa","broad leaves",21,"6","rate (k) invertebrates","d-1","Surber sampler","A","W","invertebrates","Shannon index","no./composite sample","pesticides","pesticide mixture","yes","stressors, resources",0.902867711542014,-1.25276296849537,2.15563068003738,"Correlation","SD not imputed","SD not imputed","SD not imputed"
"77",317,317.2,-0.484392273769938,0.0344827586206897,32,-0.451052118281448,0.0222222222222222,48,"observational","field","aquatic","stream","France","Alnus glutinosa","broad leaves",21,"6","rate (k) invertebrates","d-1","Surber sampler","A","W","invertebrates","taxa richness","no./composite sample","pesticides","pesticide mixture","yes","stressors, resources",0.902867711542014,-1.25276296849537,2.15563068003738,"Correlation","SD not imputed","SD not imputed","SD not imputed"
"78",326,326.1,0.574321813139621,0.037037037037037,30,0.57341165647538,0.00421940928270042,240,"observational","field","aquatic","stream","USA, Alaska","Calamagrostis canadensis","grass",56,NA,"rate (k)","d-1","litterbag","A","W","invertebrates","taxa richness","no./bag","nutrient enrichment","SRP","yes","resource",0.477320545208592,-0.549635754553082,1.02695629976167,"Correlation","SD not imputed","SD not imputed","SD not imputed"
"79",374,374.1,-0.772603572266725,0.0222222222222222,48,-0.189154308816527,0.0222222222222222,48,"observational","field","aquatic","stream","USA","Red maple","broad leaves",35,"10","rate (k)","d-1","litterbag","A","bioindicators","EPT","taxa richness","no./bag","metals","Zn","yes","stressors",5.80618929421006,0.670415774876332,5.13577351933373,"Correlation","SD not imputed","SD not imputed","SD not imputed"
"80",374,374.1,-0.798399283309417,0.0222222222222222,48,-0.189154308816527,0.0222222222222222,48,"observational","field","aquatic","stream","USA","Red maple","broad leaves",35,"10","rate (k)","d-1","litterbag","A","DFW","invertebrates","taxa richness","no./bag","metals","Zn","yes","stressors",5.80618929421006,0.670415774876332,5.13577351933373,"Correlation","SD not imputed","SD not imputed","SD not imputed"
"81",374,374.1,-0.0858266693241207,0.0222222222222222,48,-0.189154308816527,0.0222222222222222,48,"observational","field","aquatic","stream","USA","Red maple","broad leaves",35,"10","rate (k)","d-1","litterbag","A","DFW","invertebrates","Shannon index","per bag","metals","Zn","yes","stressors",5.80618929421006,0.670415774876332,5.13577351933373,"Correlation","SD not imputed","SD not imputed","SD not imputed"
"82",4,4.1,0.102667577378106,0.111111111111111,12,0.117389694886601,0.0476190476190476,24,"experimental","mesocosm","aquatic","lagoon","Portugal","Alnus glutinosa","broad leaves",84,"5","rate (k)","d-1","litterbag","A","DFW","invertebrates","taxa richness","no./bag","pesticides","fungicide: pyrimethanil","no",NA,2.85597033117883,-5.1892834455239,8.04525377670273,"Hedge's d","SD not imputed","SD not imputed","SD not imputed"
"83",52,52.1,-1.80284077847364,0.0212765957446809,50,-3.07161387457385,0.333333333333333,6,"observational","field","aquatic","stream","USA","Red maple","broad leaves",102,"10","dry mass remaining","%","stovepipe","A","W","invertebrates","taxa richness","no./sample","metals","As","no",NA,3.73686343259714,-0.463868640678219,4.20073207327536,"Hedge's d","SD not imputed","SD not imputed","SD imputed"
"84",52,52.1,-1.80284077847364,0.0212765957446809,50,-2.44514019122284,0.333333333333333,6,"observational","field","aquatic","stream","USA","White oak","broad leaves",144,"10","dry mass remaining","%","stovepipe","A","W","invertebrates","taxa richness","no./sample","metals","As","no",NA,3.73686343259714,-0.463868640678219,4.20073207327536,"Hedge's d","SD not imputed","SD not imputed","SD imputed"
"85",70,70.1,-0.208232398090861,0.0769230769230769,16,-0.486433181297483,0.0769230769230769,16,"experimental","field","terrestrial","agricultural field","UK","ryegrass","grass",365,"10","mass loss","g","litterbag","A","DFW","invertebrates","taxa richness","no./bag","metals","Zn","yes","stressors, resources",1.72597172869005,0.650831796207084,1.07513993248297,"Hedge's d","SD not imputed","SD not imputed","SD not imputed"
"86",70,70.1,0.038382345970602,0.0769230769230769,16,-0.722382206069831,0.0769230769230769,16,"experimental","field","terrestrial","agricultural field","UK","ryegrass","grass",365,"10","mass loss","g","litterbag","A","DFW","invertebrates","taxa richness","no./bag","metals","Zn","yes","stressors, resources",2.3625485577616,0.650831796207084,1.71171676155452,"Hedge's d","SD not imputed","SD not imputed","SD not imputed"
"87",70,70.1,0.0196619064575837,0.0769230769230769,16,-0.537676829708585,0.0769230769230769,16,"experimental","field","terrestrial","agricultural field","UK","ryegrass","grass",365,"10","mass loss","g","litterbag","A","DFW","invertebrates","taxa richness","no./bag","metals","Cu","yes","stressors, resources",0.503748453391906,-1.70870513527627,2.21245358866818,"Hedge's d","SD not imputed","SD not imputed","SD not imputed"
"88",70,70.1,-0.227437795994392,0.0769230769230769,16,-0.975965246658343,0.0769230769230769,16,"experimental","field","terrestrial","agricultural field","UK","ryegrass","grass",365,"10","mass loss","g","litterbag","A","DFW","invertebrates","taxa richness","no./bag","metals","Cu","yes","stressors, resources",1.56571247490428,-1.70870513527627,3.27441761018055,"Hedge's d","SD not imputed","SD not imputed","SD not imputed"
"89",70,70.1,-0.570892389519644,0.0769230769230769,16,0.145490957005228,0.0769230769230769,16,"experimental","field","terrestrial","agricultural field","UK","ryegrass","grass",365,"10","mass loss","g","litterbag","A","DFW","invertebrates","taxa richness","no./bag","metals","Ni","yes","stressors, resources",-0.163897018110399,-0.942552300384931,0.778655282274532,"Hedge's d","SD not imputed","SD not imputed","SD not imputed"
"90",70,70.1,-0.0994854815022689,0.0769230769230769,16,-0.0969889800732602,0.0769230769230769,16,"experimental","field","terrestrial","agricultural field","UK","ryegrass","grass",365,"10","mass loss","g","litterbag","A","DFW","invertebrates","taxa richness","no./bag","metals","Ni","yes","stressors, resources",0.234979582833671,-0.942552300384931,1.1775318832186,"Hedge's d","SD not imputed","SD not imputed","SD not imputed"
"91",70,70.1,0,0.0769230769230769,16,-0.486433181297483,0.0769230769230769,16,"experimental","field","terrestrial","agricultural field","UK","ryegrass","grass",365,"10","mass loss","g","litterbag","A","DFW","invertebrates","Shannon index","per bag","metals","Zn","yes","stressors, resources",1.72597172869005,0.650831796207084,1.07513993248297,"Hedge's d","SD not imputed","SD imputed","SD not imputed"
"92",70,70.1,-0.260050572071333,0.0769230769230769,16,-0.722382206069831,0.0769230769230769,16,"experimental","field","terrestrial","agricultural field","UK","ryegrass","grass",365,"10","mass loss","g","litterbag","A","DFW","invertebrates","Shannon index","per bag","metals","Zn","yes","stressors, resources",2.3625485577616,0.650831796207084,1.71171676155452,"Hedge's d","SD not imputed","SD imputed","SD not imputed"
"93",70,70.1,-0.131119737631448,0.0769230769230769,16,-0.537676829708585,0.0769230769230769,16,"experimental","field","terrestrial","agricultural field","UK","ryegrass","grass",365,"10","mass loss","g","litterbag","A","DFW","invertebrates","Shannon index","per bag","metals","Cu","yes","stressors, resources",0.503748453391906,-1.70870513527627,2.21245358866818,"Hedge's d","SD not imputed","SD imputed","SD not imputed"
"94",70,70.1,-0.552409866805969,0.0769230769230769,16,-0.975965246658343,0.0769230769230769,16,"experimental","field","terrestrial","agricultural field","UK","ryegrass","grass",365,"10","mass loss","g","litterbag","A","DFW","invertebrates","Shannon index","per bag","metals","Cu","yes","stressors, resources",1.56571247490428,-1.70870513527627,3.27441761018055,"Hedge's d","SD not imputed","SD imputed","SD not imputed"
"95",70,70.1,-0.0896930462948433,0.0769230769230769,16,0.145490957005228,0.0769230769230769,16,"experimental","field","terrestrial","agricultural field","UK","ryegrass","grass",365,"10","mass loss","g","litterbag","A","DFW","invertebrates","Shannon index","per bag","metals","Ni","yes","stressors, resources",-0.163897018110399,-0.942552300384931,0.778655282274532,"Hedge's d","SD not imputed","SD imputed","SD not imputed"
"96",70,70.1,-0.168270766942586,0.0769230769230769,16,-0.0969889800732602,0.0769230769230769,16,"experimental","field","terrestrial","agricultural field","UK","ryegrass","grass",365,"10","mass loss","g","litterbag","A","DFW","invertebrates","Shannon index","per bag","metals","Ni","yes","stressors, resources",0.234979582833671,-0.942552300384931,1.1775318832186,"Hedge's d","SD not imputed","SD imputed","SD not imputed"
"97",70,70.1,0,0.0769230769230769,16,-0.486433181297483,0.0769230769230769,16,"experimental","field","terrestrial","agricultural field","UK","ryegrass","grass",365,"10","mass loss","g","litterbag","A","DFW","invertebrates","Evenness","per bag","metals","Zn","yes","stressors, resources",1.72597172869005,0.650831796207084,1.07513993248297,"Hedge's d","SD not imputed","SD imputed","SD not imputed"
"98",70,70.1,-0.0406798504752997,0.0769230769230769,16,-0.722382206069831,0.0769230769230769,16,"experimental","field","terrestrial","agricultural field","UK","ryegrass","grass",365,"10","mass loss","g","litterbag","A","DFW","invertebrates","Evenness","per bag","metals","Zn","yes","stressors, resources",2.3625485577616,0.650831796207084,1.71171676155452,"Hedge's d","SD not imputed","SD imputed","SD not imputed"
"99",70,70.1,0,0.0769230769230769,16,-0.537676829708585,0.0769230769230769,16,"experimental","field","terrestrial","agricultural field","UK","ryegrass","grass",365,"10","mass loss","g","litterbag","A","DFW","invertebrates","Evenness","per bag","metals","Cu","yes","stressors, resources",0.503748453391906,-1.70870513527627,2.21245358866818,"Hedge's d","SD not imputed","SD imputed","SD not imputed"
"100",70,70.1,0.0199924405327196,0.0769230769230769,16,-0.975965246658343,0.0769230769230769,16,"experimental","field","terrestrial","agricultural field","UK","ryegrass","grass",365,"10","mass loss","g","litterbag","A","DFW","invertebrates","Evenness","per bag","metals","Cu","yes","stressors, resources",1.56571247490428,-1.70870513527627,3.27441761018055,"Hedge's d","SD not imputed","SD imputed","SD not imputed"
"101",70,70.1,0.0592534170060868,0.0769230769230769,16,0.145490957005228,0.0769230769230769,16,"experimental","field","terrestrial","agricultural field","UK","ryegrass","grass",365,"10","mass loss","g","litterbag","A","DFW","invertebrates","Evenness","per bag","metals","Ni","yes","stressors, resources",-0.163897018110399,-0.942552300384931,0.778655282274532,"Hedge's d","SD not imputed","SD imputed","SD not imputed"
"102",70,70.1,0.0592534170060868,0.0769230769230769,16,-0.0969889800732602,0.0769230769230769,16,"experimental","field","terrestrial","agricultural field","UK","ryegrass","grass",365,"10","mass loss","g","litterbag","A","DFW","invertebrates","Evenness","per bag","metals","Ni","yes","stressors, resources",0.234979582833671,-0.942552300384931,1.1775318832186,"Hedge's d","SD not imputed","SD imputed","SD not imputed"
"103",70,70.1,0.241338984098729,0.0344827586206897,32,-0.486433181297483,0.0769230769230769,16,"experimental","field","terrestrial","agricultural field","UK","ryegrass","grass",365,"10","mass loss","g","soil cores","A","W","invertebrates","taxa richness","no./sample","metals","Zn","yes","stressors, resources",1.72597172869005,0.650831796207084,1.07513993248297,"Hedge's d","SD not imputed","SD not imputed","SD not imputed"
"104",70,70.1,-0.127169213826787,0.0344827586206897,32,-0.722382206069831,0.0769230769230769,16,"experimental","field","terrestrial","agricultural field","UK","ryegrass","grass",365,"10","mass loss","g","soil cores","A","W","invertebrates","taxa richness","no./sample","metals","Zn","yes","stressors, resources",2.3625485577616,0.650831796207084,1.71171676155452,"Hedge's d","SD not imputed","SD not imputed","SD not imputed"
"105",70,70.1,-0.195195893559182,0.0344827586206897,32,-0.537676829708585,0.0769230769230769,16,"experimental","field","terrestrial","agricultural field","UK","ryegrass","grass",365,"10","mass loss","g","soil cores","A","W","invertebrates","taxa richness","no./sample","metals","Cu","yes","stressors, resources",0.503748453391906,-1.70870513527627,2.21245358866818,"Hedge's d","SD not imputed","SD not imputed","SD not imputed"
"106",70,70.1,-0.272323738049554,0.0344827586206897,32,-0.975965246658343,0.0769230769230769,16,"experimental","field","terrestrial","agricultural field","UK","ryegrass","grass",365,"10","mass loss","g","soil cores","A","W","invertebrates","taxa richness","no./sample","metals","Cu","yes","stressors, resources",1.56571247490428,-1.70870513527627,3.27441761018055,"Hedge's d","SD not imputed","SD not imputed","SD not imputed"
"107",70,70.1,-0.0241216008121049,0.0344827586206897,32,0.145490957005228,0.0769230769230769,16,"experimental","field","terrestrial","agricultural field","UK","ryegrass","grass",365,"10","mass loss","g","soil cores","A","W","invertebrates","taxa richness","no./sample","metals","Ni","yes","stressors, resources",-0.163897018110399,-0.942552300384931,0.778655282274532,"Hedge's d","SD not imputed","SD not imputed","SD not imputed"
"108",70,70.1,-0.17776721317623,0.0344827586206897,32,-0.0969889800732602,0.0769230769230769,16,"experimental","field","terrestrial","agricultural field","UK","ryegrass","grass",365,"10","mass loss","g","soil cores","A","W","invertebrates","taxa richness","no./sample","metals","Ni","yes","stressors, resources",0.234979582833671,-0.942552300384931,1.1775318832186,"Hedge's d","SD not imputed","SD not imputed","SD not imputed"
"109",70,70.1,-0.158878538116566,0.0344827586206897,32,-0.486433181297483,0.0769230769230769,16,"experimental","field","terrestrial","agricultural field","UK","ryegrass","grass",365,"10","mass loss","g","soil cores","A","W","invertebrates","Shannon index","no./sample","metals","Zn","yes","stressors, resources",1.72597172869005,0.650831796207084,1.07513993248297,"Hedge's d","SD not imputed","SD imputed","SD not imputed"
"110",70,70.1,-0.215948989913369,0.0344827586206897,32,-0.722382206069831,0.0769230769230769,16,"experimental","field","terrestrial","agricultural field","UK","ryegrass","grass",365,"10","mass loss","g","soil cores","A","W","invertebrates","Shannon index","no./sample","metals","Zn","yes","stressors, resources",2.3625485577616,0.650831796207084,1.71171676155452,"Hedge's d","SD not imputed","SD imputed","SD not imputed"
"111",70,70.1,-0.276283375593572,0.0344827586206897,32,-0.537676829708585,0.0769230769230769,16,"experimental","field","terrestrial","agricultural field","UK","ryegrass","grass",365,"10","mass loss","g","soil cores","A","W","invertebrates","Shannon index","no./sample","metals","Cu","yes","stressors, resources",0.503748453391906,-1.70870513527627,2.21245358866818,"Hedge's d","SD not imputed","SD imputed","SD not imputed"
"112",70,70.1,-0.499573006581,0.0344827586206897,32,-0.975965246658343,0.0769230769230769,16,"experimental","field","terrestrial","agricultural field","UK","ryegrass","grass",365,"10","mass loss","g","soil cores","A","W","invertebrates","Shannon index","no./sample","metals","Cu","yes","stressors, resources",1.56571247490428,-1.70870513527627,3.27441761018055,"Hedge's d","SD not imputed","SD imputed","SD not imputed"
"113",70,70.1,-0.0256569832322342,0.0344827586206897,32,0.145490957005228,0.0769230769230769,16,"experimental","field","terrestrial","agricultural field","UK","ryegrass","grass",365,"10","mass loss","g","soil cores","A","W","invertebrates","Shannon index","no./sample","metals","Ni","yes","stressors, resources",-0.163897018110399,-0.942552300384931,0.778655282274532,"Hedge's d","SD not imputed","SD imputed","SD not imputed"
"114",70,70.1,-0.154831586082497,0.0344827586206897,32,-0.0969889800732602,0.0769230769230769,16,"experimental","field","terrestrial","agricultural field","UK","ryegrass","grass",365,"10","mass loss","g","soil cores","A","W","invertebrates","Shannon index","no./sample","metals","Ni","yes","stressors, resources",0.234979582833671,-0.942552300384931,1.1775318832186,"Hedge's d","SD not imputed","SD imputed","SD not imputed"
"115",70,70.1,-0.0213561030168873,0.0344827586206897,32,-0.486433181297483,0.0769230769230769,16,"experimental","field","terrestrial","agricultural field","UK","ryegrass","grass",365,"10","mass loss","g","soil cores","A","W","invertebrates","Evenness","no./sample","metals","Zn","yes","stressors, resources",1.72597172869005,0.650831796207084,1.07513993248297,"Hedge's d","SD not imputed","SD imputed","SD not imputed"
"116",70,70.1,0,0.0344827586206897,32,-0.722382206069831,0.0769230769230769,16,"experimental","field","terrestrial","agricultural field","UK","ryegrass","grass",365,"10","mass loss","g","soil cores","A","W","invertebrates","Evenness","no./sample","metals","Zn","yes","stressors, resources",2.3625485577616,0.650831796207084,1.71171676155452,"Hedge's d","SD not imputed","SD imputed","SD not imputed"
"117",70,70.1,-0.0429572137235832,0.0344827586206897,32,-0.537676829708585,0.0769230769230769,16,"experimental","field","terrestrial","agricultural field","UK","ryegrass","grass",365,"10","mass loss","g","soil cores","A","W","invertebrates","Evenness","no./sample","metals","Cu","yes","stressors, resources",0.503748453391906,-1.70870513527627,2.21245358866818,"Hedge's d","SD not imputed","SD imputed","SD not imputed"
"118",70,70.1,0.0419471967698475,0.0344827586206897,32,-0.975965246658343,0.0769230769230769,16,"experimental","field","terrestrial","agricultural field","UK","ryegrass","grass",365,"10","mass loss","g","soil cores","A","W","invertebrates","Evenness","no./sample","metals","Cu","yes","stressors, resources",1.56571247490428,-1.70870513527627,3.27441761018055,"Hedge's d","SD not imputed","SD imputed","SD not imputed"
"119",70,70.1,-0.0429572137235832,0.0344827586206897,32,0.145490957005228,0.0769230769230769,16,"experimental","field","terrestrial","agricultural field","UK","ryegrass","grass",365,"10","mass loss","g","soil cores","A","W","invertebrates","Evenness","no./sample","metals","Ni","yes","stressors, resources",-0.163897018110399,-0.942552300384931,0.778655282274532,"Hedge's d","SD not imputed","SD imputed","SD not imputed"
"120",70,70.1,-0.0213561030168873,0.0344827586206897,32,-0.0969889800732602,0.0769230769230769,16,"experimental","field","terrestrial","agricultural field","UK","ryegrass","grass",365,"10","mass loss","g","soil cores","A","W","invertebrates","Evenness","no./sample","metals","Ni","yes","stressors, resources",0.234979582833671,-0.942552300384931,1.1775318832186,"Hedge's d","SD not imputed","SD imputed","SD not imputed"
"121",176,176.1,-0.311154040917959,0.333333333333333,6,-0.166179623375346,0.0666666666666667,18,"experimental","field","terrestrial",NA,"Thailand","Ipomoea aquatica","broad leaves",60,NA,"mass loss","%","soil quadrats","A","W","invertebrates","Shannon index","per sample","pesticides","herbicide: atrazine","no",NA,0,-5.1892834455239,5.1892834455239,"Hedge's d","SD not imputed","SD not imputed","SD not imputed"
"122",176,176.1,-0.2615932907675,0.333333333333333,6,-0.244170587830533,0.0666666666666667,18,"experimental","field","terrestrial",NA,"Thailand","Ipomoea aquatica","broad leaves",60,NA,"mass loss","%","soil quadrats","A","W","invertebrates","Shannon index","per sample","pesticides","insecticide: carbofuran","no",NA,0,-5.1892834455239,5.1892834455239,"Hedge's d","SD not imputed","SD not imputed","SD not imputed"
"123",176,176.1,-0.240101158070619,0.333333333333333,6,-0.69475033804174,0.0666666666666667,18,"experimental","field","terrestrial",NA,"Thailand","Ipomoea aquatica","broad leaves",60,NA,"mass loss","%","soil quadrats","A","W","invertebrates","Shannon index","per sample","pesticides","insecticide: chlorpyrifos","no",NA,0,-5.1892834455239,5.1892834455239,"Hedge's d","SD not imputed","SD not imputed","SD not imputed"
"124",344,344.1,-0.689865975690028,0.2,8,-0.150881796058134,0.00529100529100529,192,"experimental","mesocosm","aquatic","pond","Germany","Alnus glutinosa","broad leaves shredded",68,"0.2","rate (k)","d-1","litterbag","M","D","fungi","taxa richness","no./composite sample","pesticides","pesticide mixture","yes","stressors",0,-5.1892834455239,5.1892834455239,"Hedge's d","SD not imputed","SD not imputed","SD not imputed"
"125",349,349.1,-0.14058385901373,0.5,4,-1.1258817108438,0.027027027027027,40,"observational","field","aquatic","stream","UK","Alnus glutinosa","broad leaves",9,"10","rate (k)","d-1","Surber sampler","A","W","invertebrates","taxa richness","no./site","pesticides","insecticide: chlorpyrifos","no",NA,-0.244453337900961,-5.1892834455239,4.94483010762294,"Hedge's d","VAR zcor imputed","VAR zcor imputed","SD not imputed"
"126",29,29.1,-0.968879337945938,0.333333333333333,6,0.0300998702259838,0.0222222222222222,48,"observational","field","aquatic","stream","USA","Maple","broad leaves",183,NA,"rate (k)","d-1","Surber sampler","A","W","invertebrates","taxa richness","no./standardized sample (200 ind.)","acid mine drainage","Al","yes","stressors",0.544727175441672,-0.371563556432483,0.916290731874155,"Hedge's d","SD not imputed","SD not imputed","SD not imputed"
"127",29,29.1,-1.35499970976142,0.333333333333333,6,-0.658920732008853,0.0222222222222222,48,"observational","field","aquatic","stream","USA","Maple","broad leaves",183,NA,"rate (k)","d-1","Surber sampler","A","W","invertebrates","taxa richness","no./standardized sample (200 ind.)","acid mine drainage","Al","yes","stressors",4.75636082418687,-0.371563556432483,5.12792438061935,"Hedge's d","SD not imputed","SD not imputed","SD not imputed"
"128",29,29.2,-1.41466720633196,0.5,5,-0.0742842174621791,0.0222222222222222,48,"observational","field","aquatic","stream","USA","Maple","broad leaves",183,NA,"rate (k)","d-1","Surber sampler","A","W","invertebrates","taxa richness","no./standardized sample (200 ind.)","acid mine drainage","Al","yes","stressors",3.14988295338125,1.47426313406585,1.6756198193154,"Hedge's d","SD not imputed","SD imputed","SD not imputed"
"129",29,29.2,-1.19005289858179,0.5,5,0.586475299818527,0.0222222222222222,48,"observational","field","aquatic","stream","USA","Maple","broad leaves",183,NA,"rate (k)","d-1","Surber sampler","A","W","invertebrates","taxa richness","no./standardized sample (200 ind.)","acid mine drainage","Al","yes","stressors",4.06715842191794,1.47426313406585,2.59289528785209,"Hedge's d","SD not imputed","SD imputed","SD not imputed"
"130",29,29.1,-0.238596613993707,0.333333333333333,6,0.0300998702259838,0.0222222222222222,48,"observational","field","aquatic","stream","USA","Maple","broad leaves",183,NA,"rate (k)","d-1","Surber sampler","A","W","EPT","taxa richness","no./standardized sample (200 ind.)","acid mine drainage","Al","yes","stressors",0.544727175441672,-0.371563556432483,0.916290731874155,"Hedge's d","SD not imputed","SD not imputed","SD not imputed"
"131",29,29.1,-1.10496858542643,0.333333333333333,6,-0.658920732008853,0.0222222222222222,48,"observational","field","aquatic","stream","USA","Maple","broad leaves",183,NA,"rate (k)","d-1","Surber sampler","A","W","EPT","taxa richness","no./standardized sample (200 ind.)","acid mine drainage","Al","yes","stressors",4.75636082418687,-0.371563556432483,5.12792438061935,"Hedge's d","SD not imputed","SD not imputed","SD not imputed"
"132",29,29.2,-2.20317840571088,0.5,5,-0.0742842174621791,0.0222222222222222,48,"observational","field","aquatic","stream","USA","Maple","broad leaves",183,NA,"rate (k)","d-1","Surber sampler","A","W","EPT","taxa richness","no./standardized sample (200 ind.)","acid mine drainage","Al","yes","stressors",3.14988295338125,1.47426313406585,1.6756198193154,"Hedge's d","SD not imputed","SD imputed","SD not imputed"
"133",29,29.2,-2.25519005573421,0.5,5,0.586475299818527,0.0222222222222222,48,"observational","field","aquatic","stream","USA","Maple","broad leaves",183,NA,"rate (k)","d-1","Surber sampler","A","W","EPT","taxa richness","no./standardized sample (200 ind.)","acid mine drainage","Al","yes","stressors",4.06715842191794,1.47426313406585,2.59289528785209,"Hedge's d","SD not imputed","SD imputed","SD not imputed"
"134",29,29.1,-0.968879337945938,0.333333333333333,6,0.0180857823589663,0.0222222222222222,48,"observational","field","aquatic","stream","USA","White oak","broad leaves",183,NA,"rate (k)","d-1","Surber sampler","A","W","invertebrates","taxa richness","no./standardized sample (200 ind.)","acid mine drainage","Al","yes","stressors",0.544727175441672,-0.371563556432483,0.916290731874155,"Hedge's d","SD not imputed","SD not imputed","SD not imputed"
"135",29,29.1,-1.35499970976142,0.333333333333333,6,-0.54760015242953,0.0222222222222222,48,"observational","field","aquatic","stream","USA","White oak","broad leaves",183,NA,"rate (k)","d-1","Surber sampler","A","W","invertebrates","taxa richness","no./standardized sample (200 ind.)","acid mine drainage","Al","yes","stressors",4.75636082418687,-0.371563556432483,5.12792438061935,"Hedge's d","SD not imputed","SD not imputed","SD not imputed"
"136",29,29.2,-1.41466720633196,0.5,5,0.169533988282954,0.0222222222222222,48,"observational","field","aquatic","stream","USA","White oak","broad leaves",183,NA,"rate (k)","d-1","Surber sampler","A","W","invertebrates","taxa richness","no./standardized sample (200 ind.)","acid mine drainage","Al","yes","stressors",3.14988295338125,1.47426313406585,1.6756198193154,"Hedge's d","SD not imputed","SD imputed","SD not imputed"
"137",29,29.2,-1.19005289858179,0.5,5,-0.327749977180423,0.0222222222222222,48,"observational","field","aquatic","stream","USA","White oak","broad leaves",183,NA,"rate (k)","d-1","Surber sampler","A","W","invertebrates","taxa richness","no./standardized sample (200 ind.)","acid mine drainage","Al","yes","stressors",4.06715842191794,1.47426313406585,2.59289528785209,"Hedge's d","SD not imputed","SD imputed","SD not imputed"
"138",29,29.1,-0.238596613993707,0.333333333333333,6,0.0180857823589663,0.0222222222222222,48,"observational","field","aquatic","stream","USA","White oak","broad leaves",183,NA,"rate (k)","d-1","Surber sampler","A","W","EPT","taxa richness","no./standardized sample (200 ind.)","acid mine drainage","Al","yes","stressors",0.544727175441672,-0.371563556432483,0.916290731874155,"Hedge's d","SD not imputed","SD not imputed","SD not imputed"
"139",29,29.1,-1.10496858542643,0.333333333333333,6,-0.54760015242953,0.0222222222222222,48,"observational","field","aquatic","stream","USA","White oak","broad leaves",183,NA,"rate (k)","d-1","Surber sampler","A","W","EPT","taxa richness","no./standardized sample (200 ind.)","acid mine drainage","Al","yes","stressors",4.75636082418687,-0.371563556432483,5.12792438061935,"Hedge's d","SD not imputed","SD not imputed","SD not imputed"
"140",29,29.2,-2.20317840571088,0.5,5,0.169533988282954,0.0222222222222222,48,"observational","field","aquatic","stream","USA","White oak","broad leaves",183,NA,"rate (k)","d-1","Surber sampler","A","W","EPT","taxa richness","no./standardized sample (200 ind.)","acid mine drainage","Al","yes","stressors",3.14988295338125,1.47426313406585,1.6756198193154,"Hedge's d","SD not imputed","SD imputed","SD not imputed"
"141",29,29.2,-2.25519005573421,0.5,5,-0.327749977180423,0.0222222222222222,48,"observational","field","aquatic","stream","USA","White oak","broad leaves",183,NA,"rate (k)","d-1","Surber sampler","A","W","EPT","taxa richness","no./standardized sample (200 ind.)","acid mine drainage","Al","yes","stressors",4.06715842191794,1.47426313406585,2.59289528785209,"Hedge's d","SD not imputed","SD imputed","SD not imputed"
"142",170,170.1,-0.21740826594469,0.142857142857143,10,-0.140835551415862,0.142857142857143,10,"experimental","field","terrestrial","pasture","New Zealand","Lolium perenne","grass",305,"1","dry mass remaining","%","soil cores","A","DFW","nematode","Shannon index","per sample","pesticides","herbicide: glyphosate","yes","stressors",3.40119738166216,-5.1892834455239,8.59048082718606,"Hedge's d","SD imputed","SD imputed","SD imputed"
"143",170,170.1,-0.21740826594469,0.142857142857143,10,-0.163852548392601,0.142857142857143,10,"experimental","field","terrestrial","pasture","New Zealand","Lolium perenne","grass",305,"1","dry mass remaining","%","soil cores","A","DFW","nematode","Shannon index","per sample","pesticides","herbicide: glyphosate","yes","stressors",3.40119738166216,-5.1892834455239,8.59048082718606,"Hedge's d","SD imputed","SD imputed","SD imputed"
"144",262,262.1,-1.01394014126817,0.333333333333333,6,-1.18051026858005,0.0666666666666667,18,"observational","field","aquatic","stream","USA","Populus tremuloides","broad leaves",77,"8","rate (k)","d-1","litterbag","M","D","fungi","taxa richness","no. OTUs/sample","acid mine drainage","Zn","yes","stressors",3.97777438299093,-0.0295588022415445,4.00733318523247,"Hedge's d","SD not imputed","SD not imputed","SD not imputed"
"145",262,262.1,-0.24682507501839,0.333333333333333,6,-1.32811333113269,0.0666666666666667,18,"observational","field","aquatic","stream","USA","Populus tremuloides","broad leaves",77,"8","rate (k)","d-1","litterbag","M","D","fungi","taxa richness","no. OTUs/sample","acid mine drainage","Zn","yes","stressors",2.96617347131245,-0.0295588022415445,2.99573227355399,"Hedge's d","SD not imputed","SD not imputed","SD not imputed"
"146",262,262.1,-0.901005320009254,0.333333333333333,6,-1.18051026858005,0.0666666666666667,18,"observational","field","aquatic","stream","USA","Populus tremuloides","broad leaves",77,"8","rate (k)","d-1","litterbag","M","D","fungi","Shannon index","per sample","acid mine drainage","Zn","yes","stressors",3.97777438299093,-0.0295588022415445,4.00733318523247,"Hedge's d","SD not imputed","SD not imputed","SD not imputed"
"147",262,262.1,-0.200742699114721,0.333333333333333,6,-1.32811333113269,0.0666666666666667,18,"observational","field","aquatic","stream","USA","Populus tremuloides","broad leaves",77,"8","rate (k)","d-1","litterbag","M","D","fungi","Shannon index","per sample","acid mine drainage","Zn","yes","stressors",2.96617347131245,-0.0295588022415445,2.99573227355399,"Hedge's d","SD not imputed","SD not imputed","SD not imputed"
"148",153,153.1,0.20990689244403,0.111111111111111,12,0.698490319228127,0.0212765957446809,50,"observational","field","aquatic","stream","Portugal","Alnus glutinosa","broad leaves",26,"10","rate (k)","d-1","litterbag","A","DFW","invertebrates","taxa richness","no./g AFDM","eutrophication",NA,"yes","resource",-0.116196794402512,-1.69173315516093,1.57553636075842,"Hedge's d","SD not imputed","SD not imputed","SD not imputed"
"149",153,153.2,0.10634890213168,0.111111111111111,12,0.188209949293306,0.111111111111111,12,"observational","field","aquatic","stream","Portugal","Alnus glutinosa","broad leaves",26,"10","rate (k)","d-1","litterbag","A","DFW","invertebrates","taxa richness","no./g AFDM","eutrophication",NA,"yes","resource",-0.264616799520785,-1.87405471195489,1.6094379124341,"Hedge's d","SD not imputed","SD not imputed","SD not imputed"
"150",153,153.3,0.35049781171928,0.111111111111111,12,-0.0525967908890617,0.111111111111111,12,"observational","field","aquatic","stream","Portugal","Alnus glutinosa","broad leaves",26,"10","rate (k)","d-1","litterbag","A","DFW","invertebrates","taxa richness","no./g AFDM","eutrophication",NA,"yes","resource",-0.225396086367504,-2.38488033572088,2.15948424935338,"Hedge's d","SD not imputed","SD not imputed","SD not imputed"
"151",153,153.4,1.02866441066255,0.111111111111111,12,1.80924263681959,0.111111111111111,12,"observational","field","aquatic","stream","Portugal","Alnus glutinosa","broad leaves",22,"10","rate (k)","d-1","litterbag","A","DFW","invertebrates","taxa richness","no./g AFDM","eutrophication",NA,"yes","resource",-0.0177974390305808,-3.28629850118564,3.26850106215506,"Hedge's d","SD not imputed","SD not imputed","SD not imputed"
"152",153,153.5,0.104788669181699,0.111111111111111,12,0.907885758694576,0.111111111111111,12,"observational","field","aquatic","stream","Portugal","Alnus glutinosa","broad leaves",22,"10","rate (k)","d-1","litterbag","A","DFW","invertebrates","taxa richness","no./g AFDM","eutrophication",NA,"yes","resource",0.541859066346164,-0.710903902149204,1.25276296849537,"Hedge's d","SD not imputed","SD not imputed","SD not imputed"
"153",153,153.1,0.326514447108856,0.111111111111111,12,0.895430182396439,0.0212765957446809,50,"observational","field","aquatic","stream","Portugal","Quercus robur","broad leaves",57,"10","rate (k)","d-1","litterbag","A","DFW","invertebrates","taxa richness","no./g AFDM","eutrophication",NA,"yes","resource",-0.116196794402512,-1.69173315516093,1.57553636075842,"Hedge's d","SD not imputed","SD not imputed","SD not imputed"
"154",153,153.2,0.789007799563512,0.111111111111111,12,0.849792828665254,0.111111111111111,12,"observational","field","aquatic","stream","Portugal","Quercus robur","broad leaves",57,"10","rate (k)","d-1","litterbag","A","DFW","invertebrates","taxa richness","no./g AFDM","eutrophication",NA,"yes","resource",-0.264616799520785,-1.87405471195489,1.6094379124341,"Hedge's d","SD not imputed","SD imputed","SD not imputed"
"155",153,153.3,0.595535595123115,0.111111111111111,12,0.62771412821625,0.111111111111111,12,"observational","field","aquatic","stream","Portugal","Quercus robur","broad leaves",57,"10","rate (k)","d-1","litterbag","A","DFW","invertebrates","taxa richness","no./g AFDM","eutrophication",NA,"yes","resource",-0.225396086367504,-2.38488033572088,2.15948424935338,"Hedge's d","SD not imputed","SD not imputed","SD not imputed"
"156",153,153.4,0.976051873404622,0.111111111111111,12,1.57682034068935,0.111111111111111,12,"observational","field","aquatic","stream","Portugal","Quercus robur","broad leaves",42,"10","rate (k)","d-1","litterbag","A","DFW","invertebrates","taxa richness","no./g AFDM","eutrophication",NA,"yes","resource",-0.0177974390305808,-3.28629850118564,3.26850106215506,"Hedge's d","SD not imputed","SD not imputed","SD not imputed"
"157",153,153.5,0.572005587033023,0.111111111111111,12,0.79802111502631,0.111111111111111,12,"observational","field","aquatic","stream","Portugal","Quercus robur","broad leaves",42,"10","rate (k)","d-1","litterbag","A","DFW","invertebrates","taxa richness","no./g AFDM","eutrophication",NA,"yes","resource",0.541859066346164,-0.710903902149204,1.25276296849537,"Hedge's d","SD not imputed","SD not imputed","SD not imputed"
"158",276,276.1,0.053474832838628,0.2,8,2.54712730948615,0.2,8,"experimental","mesocosms","aquatic","rainforest stream","Australia","Freycenetia scandens","broad leaves",44,"1","dry mass remaining","%","channel","A","W","invertebrates","taxa richness","no./sample","nutrient enrichment",NA,"yes","resource",1.88894667419672,-2.30258509299405,4.19153176719077,"Hedge's d","SD not imputed","SD not imputed","SD imputed"
"159",276,276.1,-0.136913787123344,0.2,8,2.54712730948615,0.2,8,"experimental","mesocosms","aquatic","rainforest stream","Australia","Freycenetia scandens","broad leaves",44,"1","dry mass remaining","%","channel","A","W","invertebrates","Evenness","H/Hmax/sample","nutrient enrichment",NA,"yes","resource",1.88894667419672,-2.30258509299405,4.19153176719077,"Hedge's d","SD not imputed","SD not imputed","SD imputed"
"160",276,276.1,-0.215485161488039,0.2,8,2.54712730948615,0.2,8,"experimental","mesocosms","aquatic","rainforest stream","Australia","Freycenetia scandens","broad leaves",44,"1","dry mass remaining","%","channel","A","W","invertebrates","Shannon index","H/sample","nutrient enrichment",NA,"yes","resource",1.88894667419672,-2.30258509299405,4.19153176719077,"Hedge's d","SD not imputed","SD not imputed","SD imputed"
"161",276,276.1,0.053474832838628,0.2,8,1.45668660309206,0.2,8,"experimental","mesocosms","aquatic","rainforest stream","Australia","Cryptocarya densiflora","broad leaves",44,"1","dry mass remaining","%","channel","A","W","invertebrates","taxa richness","no./sample","nutrient enrichment",NA,"yes","resource",1.88894667419672,-2.30258509299405,4.19153176719077,"Hedge's d","SD not imputed","SD not imputed","SD imputed"
"162",276,276.1,-0.136913787123344,0.2,8,1.45668660309206,0.2,8,"experimental","mesocosms","aquatic","rainforest stream","Australia","Cryptocarya densiflora","broad leaves",44,"1","dry mass remaining","%","channel","A","W","invertebrates","Evenness","H/Hmax/sample","nutrient enrichment",NA,"yes","resource",1.88894667419672,-2.30258509299405,4.19153176719077,"Hedge's d","SD not imputed","SD not imputed","SD imputed"
"163",276,276.1,-0.215485161488039,0.2,8,1.45668660309206,0.2,8,"experimental","mesocosms","aquatic","rainforest stream","Australia","Cryptocarya densiflora","broad leaves",44,"1","dry mass remaining","%","channel","A","W","invertebrates","Shannon index","H/sample","nutrient enrichment",NA,"yes","resource",1.88894667419672,-2.30258509299405,4.19153176719077,"Hedge's d","SD not imputed","SD not imputed","SD imputed"
"164",276,276.1,0.053474832838628,0.2,8,1.64932356351395,0.2,8,"experimental","mesocosms","aquatic","rainforest stream","Australia","Cryptocarya leucophylla","broad leaves",44,"1","dry mass remaining","%","channel","A","W","invertebrates","taxa richness","no./sample","nutrient enrichment",NA,"yes","resource",1.88894667419672,-2.30258509299405,4.19153176719077,"Hedge's d","SD not imputed","SD not imputed","SD imputed"
"165",276,276.1,-0.136913787123344,0.2,8,1.64932356351395,0.2,8,"experimental","mesocosms","aquatic","rainforest stream","Australia","Cryptocarya leucophylla","broad leaves",44,"1","dry mass remaining","%","channel","A","W","invertebrates","Evenness","H/Hmax/sample","nutrient enrichment",NA,"yes","resource",1.88894667419672,-2.30258509299405,4.19153176719077,"Hedge's d","SD not imputed","SD not imputed","SD imputed"
"166",276,276.1,-0.215485161488039,0.2,8,1.64932356351395,0.2,8,"experimental","mesocosms","aquatic","rainforest stream","Australia","Cryptocarya leucophylla","broad leaves",44,"1","dry mass remaining","%","channel","A","W","invertebrates","Shannon index","H/sample","nutrient enrichment",NA,"yes","resource",1.88894667419672,-2.30258509299405,4.19153176719077,"Hedge's d","SD not imputed","SD not imputed","SD imputed"
"167",276,276.1,0.053474832838628,0.2,8,1.38046647330853,0.2,8,"experimental","mesocosms","aquatic","rainforest stream","Australia","Macaranga subdentata","broad leaves",44,"1","dry mass remaining","%","channel","A","W","invertebrates","taxa richness","no./sample","nutrient enrichment",NA,"yes","resource",1.88894667419672,-2.30258509299405,4.19153176719077,"Hedge's d","SD not imputed","SD not imputed","SD imputed"
"168",276,276.1,-0.136913787123344,0.2,8,1.38046647330853,0.2,8,"experimental","mesocosms","aquatic","rainforest stream","Australia","Macaranga subdentata","broad leaves",44,"1","dry mass remaining","%","channel","A","W","invertebrates","Evenness","H/Hmax/sample","nutrient enrichment",NA,"yes","resource",1.88894667419672,-2.30258509299405,4.19153176719077,"Hedge's d","SD not imputed","SD not imputed","SD imputed"
"169",276,276.1,-0.215485161488039,0.2,8,1.38046647330853,0.2,8,"experimental","mesocosms","aquatic","rainforest stream","Australia","Macaranga subdentata","broad leaves",44,"1","dry mass remaining","%","channel","A","W","invertebrates","Shannon index","H/sample","nutrient enrichment",NA,"yes","resource",1.88894667419672,-2.30258509299405,4.19153176719077,"Hedge's d","SD not imputed","SD not imputed","SD imputed"
"170",97,97.1,-2.35903243944684,0.2,8,-0.387423583310176,0.0188679245283019,56,"observational","field","aquatic","stream","Portugal","Alnus glutinosa","broad leaves",54,"0.5","rate (k)","d-1","leaf discs","M","D","fungi","taxa richness","no./sample","nutrient enrichment",NA,"yes","stressors, resources",4.61135104506317,-2.55876849838646,7.17011954344963,"Hedge's d","SD not imputed","SD not imputed","SD not imputed"
"171",97,97.1,-1.62453763945668,0.2,8,-0.387423583310176,0.0188679245283019,56,"observational","field","aquatic","stream","Portugal","Alnus glutinosa","broad leaves",54,"0.5","rate (k)","d-1","leaf discs","M","D","fungi","Shannon index","per sample","nutrient enrichment",NA,"yes","stressors, resources",4.61135104506317,-2.55876849838646,7.17011954344963,"Hedge's d","SD not imputed","SD not imputed","SD not imputed"
"172",154,154.1,1.08893455848328,0.0769230769230769,16,0.621202659400355,0.0208333333333333,51,"experimental","field","aquatic","stream","USA","Acer rubrum","broad leaves",225,NA,"rate (k)","d-1","litterbag","M","D","fungi","taxa richness","per composite sample","nutrient enrichment",NA,"yes","resource",0.0428679002271759,-2.0971982632691,2.14006616349628,"Hedge's d","SD not imputed","SD not imputed","SD not imputed"
"173",154,154.1,0.80820769837501,0.0666666666666667,18,0.800387510245035,0.0196078431372549,54,"experimental","field","aquatic","stream","USA","Rhododendron maximum","broad leaves",225,NA,"rate (k)","d-1","litterbag","M","D","fungi","taxa richness","per composite sample","nutrient enrichment",NA,"yes","resource",0.0428679002271759,-2.0971982632691,2.14006616349628,"Hedge's d","SD not imputed","SD not imputed","SD not imputed"
"174",245,245.1,-0.843393652154226,0.0222222222222222,48,-0.323676613518246,0.0196078431372549,54,"observational","field","aquatic","stream","Portugal","Eucalyptus globulus","broad leaves",84,"10","rate (k)","d-1","litterbag","A","DFW","invertebrates","taxa richness","ind./bag","nutrient enrichment",NA,"yes","stressors, resources",2.69029347951295,1.30399911839306,1.38629436111989,"Hedge's d","SD imputed","SD imputed","SD not imputed"
"175",245,245.1,-1.58013708805345,0.0222222222222222,48,-0.323676613518246,0.0196078431372549,54,"observational","field","aquatic","stream","Portugal","Eucalyptus globulus","broad leaves",84,"10","rate (k)","d-1","litterbag","A","DFW","invertebrates","Shannon index","per bag","nutrient enrichment",NA,"yes","stressors, resources",2.69029347951295,1.30399911839306,1.38629436111989,"Hedge's d","SD imputed","SD imputed","SD not imputed"
"176",245,245.1,-0.404576236330644,0.0222222222222222,48,-0.548584307298225,0.0196078431372549,54,"observational","field","aquatic","stream","Portugal","Eucalyptus globulus","broad leaves",84,"10","rate (k)","d-1","leaf discs","M","D","fungi","taxa richness","per bag","nutrient enrichment",NA,"yes","stressors, resources",2.69029347951295,1.30399911839306,1.38629436111989,"Hedge's d","SD imputed","SD imputed","SD not imputed"
"177",245,245.1,-0.286914997021452,0.0222222222222222,48,-0.357659645470854,0.0196078431372549,54,"observational","field","aquatic","stream","Portugal","Eucalyptus globulus","broad leaves",84,"0.5","rate (k)","d-1","leaf discs","M","D","fungi","taxa richness","per bag","nutrient enrichment",NA,"yes","stressors, resources",2.69029347951295,1.30399911839306,1.38629436111989,"Hedge's d","SD imputed","SD imputed","SD not imputed"
"178",245,245.1,-0.35088339413707,0.0222222222222222,48,-0.0633426177147961,0.0196078431372549,54,"observational","field","aquatic","stream","Portugal","Eucalyptus globulus","broad leaves",84,"10","rate (k)","d-1","leaf discs","M","D","fungi","Shannon index","per bag","nutrient enrichment",NA,"yes","stressors, resources",2.69029347951295,1.30399911839306,1.38629436111989,"Hedge's d","SD imputed","SD imputed","SD not imputed"
"179",245,245.1,-0.633638524921199,0.0222222222222222,48,-0.0352066066111491,0.0196078431372549,54,"observational","field","aquatic","stream","Portugal","Eucalyptus globulus","broad leaves",84,"0.5","rate (k)","d-1","leaf discs","M","D","fungi","Shannon index","per bag","nutrient enrichment",NA,"yes","stressors, resources",2.69029347951295,1.30399911839306,1.38629436111989,"Hedge's d","SD imputed","SD imputed","SD not imputed"
"180",113,113.1,-1.14064765646683,0.111111111111111,12,0.5917863304644,0.0222222222222222,48,"observational","field","aquatic","mountain stream","Spain","Populus nigra x canadensis","wooden sticks",42,NA,"rate (k)","d-1","Surber sampler","A","W","invertebrates","taxa richness","no./sample","wastewater",NA,"yes","stressors, resources",-0.2484613592985,-1.6094379124341,1.3609765531356,"Hedge's d","SD not imputed","SD not imputed","SD not imputed"
"181",113,113.1,-1.09273267582924,0.111111111111111,12,0.803194993192374,0.0222222222222222,48,"observational","field","aquatic","mountain stream","Spain","Populus nigra x canadensis","wooden sticks",42,NA,"rate (k)","d-1","Surber sampler","A","W","invertebrates","taxa richness","no./sample","wastewater",NA,"yes","stressors, resources",0.970778917158225,-1.6094379124341,2.58021682959233,"Hedge's d","SD not imputed","SD not imputed","SD not imputed"
"182",113,113.1,-1.25446434691784,0.111111111111111,12,0.5917863304644,0.0222222222222222,48,"observational","field","aquatic","mountain stream","Spain","Populus nigra x canadensis","wooden sticks",42,NA,"rate (k)","d-1","Surber sampler","A","bioindicators","EPT","taxa richness","no./sample","wastewater",NA,"yes","stressors, resources",-0.2484613592985,-1.6094379124341,1.3609765531356,"Hedge's d","SD not imputed","SD not imputed","SD not imputed"
"183",113,113.1,-1.75806523836072,0.111111111111111,12,0.803194993192374,0.0222222222222222,48,"observational","field","aquatic","mountain stream","Spain","Populus nigra x canadensis","wooden sticks",42,NA,"rate (k)","d-1","Surber sampler","A","bioindicators","EPT","taxa richness","no./sample","wastewater",NA,"yes","stressors, resources",0.970778917158225,-1.6094379124341,2.58021682959233,"Hedge's d","SD not imputed","SD not imputed","SD not imputed"
"184",171,171.1,-0.671197270815817,0.333333333333333,6,0.432754860035382,0.037037037037037,30,"observational","field","aquatic","stream","USA","Salix sp.","broad leaves",28,"5","rate (k)","d-1","artificial substrate baskets","A","W","invertebrates","taxa richness","no./sample","nutrient enrichment",NA,"yes","stressors, resources",-0.513078158819284,-0.487760350834995,-0.025317807984289,"Hedge's d","SD not imputed","SD not imputed","SD imputed"
"185",171,171.1,-0.751339447893348,0.333333333333333,6,0.394067142537887,0.037037037037037,30,"observational","field","aquatic","stream","USA","Salix sp.","broad leaves",28,"5","rate (k)","d-1","artificial substrate baskets","A","W","invertebrates","taxa richness","no./sample","nutrient enrichment",NA,"yes","stressors, resources",3.65547811541347,-0.487760350834995,4.14323846624846,"Hedge's d","SD not imputed","SD not imputed","SD imputed"
"186",171,171.1,-0.49177952266981,0.333333333333333,6,0.432754860035382,0.037037037037037,30,"observational","field","aquatic","stream","USA","Salix sp.","broad leaves",28,"5","rate (k)","d-1","artificial substrate baskets","A","bioindicators","EPT","taxa richness","no./sample","nutrient enrichment",NA,"yes","stressors, resources",-0.513078158819284,-0.487760350834995,-0.025317807984289,"Hedge's d","SD not imputed","SD not imputed","SD imputed"
"187",171,171.1,-1.15440345885099,0.333333333333333,6,0.394067142537887,0.037037037037037,30,"observational","field","aquatic","stream","USA","Salix sp.","broad leaves",28,"5","rate (k)","d-1","artificial substrate baskets","A","bioindicators","EPT","taxa richness","no./sample","nutrient enrichment",NA,"yes","stressors, resources",3.65547811541347,-0.487760350834995,4.14323846624846,"Hedge's d","SD not imputed","SD not imputed","SD imputed"
"188",235,235.1,0,0.333333333333333,6,0.70617783294249,0.333333333333333,6,"experimental","mesocosms/experimental channels","aquatic","stream","New Zealand","Melicytus ramiflorus (fast decomposing)","broad leaves",18,"leaf pack, no mesh","mass loss","% initial mass lost","litterbag","A","DFW","invertebrates","taxa richness","taxa per leaf pack","nutrient enrichment",NA,"yes","resource",0.467751094192442,-2.38488033572088,2.85263142991332,"Hedge's d","SD not imputed","SD not imputed","SD not imputed"
"189",235,235.1,-0.280422633994444,0.333333333333333,6,1.32494353929164,0.333333333333333,6,"experimental","mesocosms/experimental channels","aquatic","stream","New Zealand","Melicytus ramiflorus (fast decomposing)","broad leaves",18,"leaf pack, no mesh","mass loss","% initial mass lost","litterbag","A","DFW","invertebrates","taxa richness","taxa per leaf pack","nutrient enrichment",NA,"yes","resource",2.08866140778878,-2.38488033572088,4.47354174350966,"Hedge's d","SD not imputed","SD not imputed","SD not imputed"
"190",235,235.1,-0.250124748220042,0.333333333333333,6,0.70617783294249,0.333333333333333,6,"experimental","mesocosms/experimental channels","aquatic","stream","New Zealand","Melicytus ramiflorus (fast decomposing)","broad leaves",18,"leaf pack, no mesh","mass loss","% initial mass lost","litterbag","A","bioindicators","EPT","taxa richness","taxa per leaf pack","nutrient enrichment",NA,"yes","resource",0.467751094192442,-2.38488033572088,2.85263142991332,"Hedge's d","SD not imputed","SD not imputed","SD not imputed"
"191",235,235.1,-0.332202756407322,0.333333333333333,6,1.32494353929164,0.333333333333333,6,"experimental","mesocosms/experimental channels","aquatic","stream","New Zealand","Melicytus ramiflorus (fast decomposing)","broad leaves",18,"leaf pack, no mesh","mass loss","% initial mass lost","litterbag","A","bioindicators","EPT","taxa richness","taxa per leaf pack","nutrient enrichment",NA,"yes","resource",2.08866140778878,-2.38488033572088,4.47354174350966,"Hedge's d","SD not imputed","SD not imputed","SD not imputed"
"192",297,297.1,-0.0479435114963847,0.2,8,0.128272643112579,0.0222222222222222,48,"observational","field","aquatic","lentic: reservoir","Brazil","Eichhornia crassipes","broad leaves",60,"10","rate (k)","d-1","litterbag","A","DFW","invertebrates","taxa richness","no./bag","eutrophication",NA,"probably","stressors, resources",1.55225361590626,-1.58085045558219,3.13310407148845,"Hedge's d","SD not imputed","SD not imputed","SD imputed"
"193",297,297.1,-0.0810288002286799,0.2,8,0.474207278146095,0.0222222222222222,48,"observational","field","aquatic","lentic: reservoir","Brazil","Typha domingensis","broad leaves",105,"10","rate (k)","d-1","litterbag","A","DFW","invertebrates","taxa richness","no./bag","eutrophication",NA,"probably","stressors, resources",1.55225361590626,-1.58085045558219,3.13310407148845,"Hedge's d","SD not imputed","SD not imputed","SD imputed"
"194",297,297.1,-0.803227778762799,0.2,8,0.128272643112579,0.0222222222222222,48,"observational","field","aquatic","lentic: reservoir","Brazil","Eichhornia crassipes","broad leaves",60,"10","rate (k)","d-1","litterbag","A","DFW","invertebrates","Shannon index","per bag","eutrophication",NA,"probably","stressors, resources",1.55225361590626,-1.58085045558219,3.13310407148845,"Hedge's d","SD not imputed","SD not imputed","SD imputed"
"195",297,297.1,-0.441352885778441,0.2,8,0.474207278146095,0.0222222222222222,48,"observational","field","aquatic","lentic: reservoir","Brazil","Typha domingensis","broad leaves",105,"10","rate (k)","d-1","litterbag","A","DFW","invertebrates","Shannon index","per bag","eutrophication",NA,"probably","stressors, resources",1.55225361590626,-1.58085045558219,3.13310407148845,"Hedge's d","SD not imputed","SD not imputed","SD imputed"
"196",297,297.1,-0.880378751688596,0.2,8,0.128272643112579,0.0222222222222222,48,"observational","field","aquatic","lentic: reservoir","Brazil","Eichhornia crassipes","broad leaves",60,"10","rate (k)","d-1","litterbag","A","DFW","invertebrates","Evenness","per bag","eutrophication",NA,"probably","stressors, resources",1.55225361590626,-1.58085045558219,3.13310407148845,"Hedge's d","SD not imputed","SD not imputed","SD imputed"
"197",297,297.1,-0.404698143720816,0.2,8,0.474207278146095,0.0222222222222222,48,"observational","field","aquatic","lentic: reservoir","Brazil","Typha domingensis","broad leaves",105,"10","rate (k)","d-1","litterbag","A","DFW","invertebrates","Evenness","per bag","eutrophication",NA,"probably","stressors, resources",1.55225361590626,-1.58085045558219,3.13310407148845,"Hedge's d","SD not imputed","SD not imputed","SD imputed"
