"","studyID","Case.study","zcor.ECD.B","var.zcor.ECD.B","n.replicate.B","LD.metric","LD.unit","study_type","experiment_type","system","ecosystem","country","exp_duration","litter.species","litter.type","meshsize..mm.","temporal.extent","spatial_category","ECD_subcategory","ECD_identity","ECD_mixture","ECD_mixture_identity_type","ECD_intensity_norm_max","ECD_intensity_norm_min","ECD_magnitude","B.sampling","taxonomic.group","community.nature","consumer.taxa","B.metric","B.unit","ES_origin","B_imputation_M1","B_imputation_M2"
"1",34,34.1,-0.677666067757962,0.0144927536231884,72,"rate (k)","d-1","observational","field","aquatic","stream","France",21,"Alnus glutinosa","broad leaves","9","single point in time","middle","pesticides","pesticide mixture","yes","stressors",-1.8,-5.6,3.8,"litterbag","A","DFW","invertebrates","taxa richness","no./bag","Correlation","SD not imputed","SD not imputed"
"2",34,34.1,-0.907644983319125,0.0144927536231884,72,"rate (k)","d-1","observational","field","aquatic","stream","France",21,"Alnus glutinosa","broad leaves","9","single point in time","middle","pesticides","pesticide mixture","yes","stressors",-1.8,-5.6,3.8,"litterbag","A","D","shredders","taxa richness","no./bag","Correlation","SD not imputed","SD not imputed"
"3",34,34.1,0.266108406873654,0.0144927536231884,72,"rate (k)","d-1","observational","field","aquatic","stream","France",21,"Alnus glutinosa","broad leaves","0.5","single point in time","middle","pesticides","pesticide mixture","yes","stressors",0.8,-4.89,5.69,"litterbag","M","D","fungi","taxa richness","no./bag","Correlation","SD not imputed","SD not imputed"
"4",25,25.1,-0.366623079793088,0.0416666666666667,27,"rate (k)","d-1","observational","field","aquatic","boreal stream","Sweden",34,"Alnus glutinosa","broad leaves","5","single point in time","middle","nutrient enrichment","DIN","yes","stressors, resources",-0.752880039971948,-5.1892834455239,4.43640340555195,"litterbag","A","DFW","invertebrates","taxa richness","no./bag","Correlation","SD not imputed","SD not imputed"
"5",42,42.1,-0.825650416389016,0.0666666666666667,18,"mass loss","ratio","observational","field","aquatic","stream","Italy",21,"Alder; Oak; white hornbeam","leaves and twigs","10","single point in time",NA,"wastewater","NH4","yes","stressors, resources",3.44922535067274,-2.55876849838646,6.0079938490592,"litterbag","A","DFW","invertebrates","taxa richness","no./bag","Correlation","SD not imputed","SD not imputed"
"6",42,42.1,-1.40406216031592,0.0666666666666667,18,"mass loss","ratio","observational","field","aquatic","stream","Italy",21,"Alder; Oak; white hornbeam","leaves and twigs","10","single point in time",NA,"wastewater","NH4","yes","stressors, resources",3.44922535067274,-2.55876849838646,6.0079938490592,"litterbag","A","DFW","invertebrates","Shannon index","per bag","Correlation","SD not imputed","SD not imputed"
"7",42,42.1,-0.52162146488118,0.0666666666666667,18,"mass loss","ratio","observational","field","aquatic","stream","Italy",21,"Prunus laurocerasus","leaves and twigs","10","single point in time",NA,"wastewater","NH4","yes","stressors, resources",3.44922535067274,-2.55876849838646,6.0079938490592,"litterbag","A","DFW","invertebrates","Shannon index","per bag","Correlation","SD not imputed","SD not imputed"
"8",42,42.1,-0.187913949290198,0.0666666666666667,18,"mass loss","ratio","observational","field","aquatic","stream","Italy",21,"Prunus laurocerasus","leaves and twigs","10","single point in time",NA,"wastewater","NH4","yes","stressors, resources",3.44922535067274,-2.55876849838646,6.0079938490592,"litterbag","A","DFW","invertebrates","taxa richness","per bag","Correlation","SD not imputed","SD not imputed"
"9",42,42.1,-1.40931120161522,0.0666666666666667,18,"mass loss","ratio","observational","field","aquatic","stream","Italy",21,"Robinia pseudoacacia","leaves and twigs","10","single point in time",NA,"wastewater","NH4","yes","stressors, resources",3.44922535067274,-2.55876849838646,6.0079938490592,"litterbag","A","DFW","invertebrates","Shannon index","per bag","Correlation","SD not imputed","SD not imputed"
"10",42,42.1,-1.14633960555061,0.0666666666666667,18,"mass loss","ratio","observational","field","aquatic","stream","Italy",21,"Robinia pseudoacacia","leaves and twigs","10","single point in time",NA,"wastewater","NH4","yes","stressors, resources",3.44922535067274,-2.55876849838646,6.0079938490592,"litterbag","A","DFW","invertebrates","taxa richness","per bag","Correlation","SD not imputed","SD not imputed"
"11",47,47.1,-1.95170443383784,0.0333333333333333,33,"rate (k)","d-1","observational","field","aquatic","Mountain stream","USA",171,"Salix spp.","broad leaves","5","7 samplings over 8 months",NA,"metals","Zn","yes","stressors",2.87734225760583,0.342004754190939,2.53533750341489,"Hess sampler","A","D","shredders","taxa richness","no./sample","Correlation","SD not imputed","SD not imputed"
"12",96,96.1,0.247139449299692,0.5,4,"dry mass remaining","%","experimental","microcosm","aquatic","stream","Portugal",40,"Alnus glutinosa","leaf discs",NA,"single point in time","small","metals","Zn","no",NA,6.16586647676387,-5.1892834455239,11.3551499222878,"leaf discs","M","D","fungi","taxa richness","no. species/sample","Correlation","VAR zcor imputed","VAR zcor imputed"
"13",98,98.1,0.0332002601323464,0.5,5,"rate (k)","d-1","observational","field","aquatic","stream","Portugal",77,"Alnus glutinosa","broad leaves","0.5","7 sampling dates over 11 weeks",NA,"nutrient enrichment","NH4","yes","stressors, resources",4.5173220954149,-3.65738078705457,8.17470288246947,"litterbag","M","D","bacteria","taxa richness","total no. OTUs per composite sample","Correlation","SD not imputed","SD not imputed"
"14",98,98.1,0.00799121432289669,0.5,5,"rate (k)","d-1","observational","field","aquatic","stream","Portugal",77,"Alnus glutinosa","broad leaves","0.5","7 sampling dates over 11 weeks",NA,"nutrient enrichment","NH4","yes","stressors, resources",4.5173220954149,-3.65738078705457,8.17470288246947,"litterbag","M","D","fungi","taxa richness","total no. OTUs per composite sample","Correlation","SD not imputed","SD not imputed"
"15",98,98.1,-1.0881545868691,0.5,5,"rate (k)","d-1","observational","field","aquatic","stream","Portugal",77,"Alnus glutinosa","broad leaves","0.5","7 sampling dates over 11 weeks",NA,"nutrient enrichment","NH4","yes","stressors, resources",4.5173220954149,-3.65738078705457,8.17470288246947,"litterbag","M","D","fungi","taxa richness","total no. sporulating species per composite sample","Correlation","SD not imputed","SD not imputed"
"16",98,98.1,1.09496796681266,0.5,5,"rate (k)","d-1","observational","field","aquatic","stream","Portugal",77,"Alnus glutinosa","broad leaves","0.5","7 sampling dates over 11 weeks",NA,"nutrient enrichment","NH4","yes","stressors, resources",4.5173220954149,-3.65738078705457,8.17470288246947,"litterbag","M","D","bacteria","Evenness","total OTU-based per composite sample","Correlation","SD not imputed","SD not imputed"
"17",98,98.1,1.12050594307334,0.5,5,"rate (k)","d-1","observational","field","aquatic","stream","Portugal",77,"Alnus glutinosa","broad leaves","0.5","7 sampling dates over 11 weeks",NA,"nutrient enrichment","NH4","yes","stressors, resources",4.5173220954149,-3.65738078705457,8.17470288246947,"litterbag","M","D","bacteria","Shannon index","total OTU-based per composite sample","Correlation","SD not imputed","SD not imputed"
"18",98,98.1,-1.27159797015854,0.5,5,"rate (k)","d-1","observational","field","aquatic","stream","Portugal",77,"Alnus glutinosa","broad leaves","0.5","7 sampling dates over 11 weeks",NA,"nutrient enrichment","NH4","yes","stressors, resources",4.5173220954149,-3.65738078705457,8.17470288246947,"litterbag","M","D","fungi","Evenness","total OTU-based per composite sample","Correlation","SD not imputed","SD not imputed"
"19",98,98.1,-2.05334950613725,0.5,5,"rate (k)","d-1","observational","field","aquatic","stream","Portugal",77,"Alnus glutinosa","broad leaves","0.5","7 sampling dates over 11 weeks",NA,"nutrient enrichment","NH4","yes","stressors, resources",4.5173220954149,-3.65738078705457,8.17470288246947,"litterbag","M","D","fungi","Shannon index","total OTU-based per composite sample","Correlation","SD not imputed","SD not imputed"
"20",98,98.1,-0.866758617201859,0.5,5,"rate (k)","d-1","observational","field","aquatic","stream","Portugal",77,"Alnus glutinosa","broad leaves","0.5","7 sampling dates over 11 weeks",NA,"nutrient enrichment","NH4","yes","stressors, resources",4.5173220954149,-3.65738078705457,8.17470288246947,"litterbag","M","D","fungi","Evenness","total per composite sample","Correlation","SD not imputed","SD not imputed"
"21",98,98.1,-0.856195361806311,0.5,5,"rate (k)","d-1","observational","field","aquatic","stream","Portugal",77,"Alnus glutinosa","broad leaves","0.5","7 sampling dates over 11 weeks",NA,"nutrient enrichment","NH4","yes","stressors, resources",4.5173220954149,-3.65738078705457,8.17470288246947,"litterbag","M","D","fungi","Shannon index","total per composite sample","Correlation","SD not imputed","SD not imputed"
"22",98,98.2,-1.0867857316363,0.5,5,"rate (k)","d-1","observational","field","aquatic","stream","France",77,"Alnus glutinosa","broad leaves","0.5","7 sampling dates over 11 weeks",NA,"nutrient enrichment","NH4","yes","stressors, resources",3.14501397626975,-1.78557861015297,4.93059258642272,"litterbag","M","D","bacteria","taxa richness","total no. OTUs per composite sample","Correlation","SD not imputed","SD not imputed"
"23",98,98.2,-1.12175343971484,0.5,5,"rate (k)","d-1","observational","field","aquatic","stream","France",77,"Alnus glutinosa","broad leaves","0.5","7 sampling dates over 11 weeks",NA,"nutrient enrichment","NH4","yes","stressors, resources",3.14501397626975,-1.78557861015297,4.93059258642272,"litterbag","M","D","fungi","taxa richness","total no. OTUs per composite sample","Correlation","SD not imputed","SD not imputed"
"24",98,98.2,-0.860905722249154,0.5,5,"rate (k)","d-1","observational","field","aquatic","stream","France",77,"Alnus glutinosa","broad leaves","0.5","7 sampling dates over 11 weeks",NA,"nutrient enrichment","NH4","yes","stressors, resources",3.14501397626975,-1.78557861015297,4.93059258642272,"litterbag","M","D","fungi","taxa richness","total no. sporulating species per composite sample","Correlation","SD not imputed","SD not imputed"
"25",98,98.2,0.381287178425979,0.5,5,"rate (k)","d-1","observational","field","aquatic","stream","France",77,"Alnus glutinosa","broad leaves","0.5","7 sampling dates over 11 weeks",NA,"nutrient enrichment","NH4","yes","stressors, resources",3.14501397626975,-1.78557861015297,4.93059258642272,"litterbag","M","D","bacteria","Evenness","total OTU-based per composite sample","Correlation","SD not imputed","SD not imputed"
"26",98,98.2,0.121023608646912,0.5,5,"rate (k)","d-1","observational","field","aquatic","stream","France",77,"Alnus glutinosa","broad leaves","0.5","7 sampling dates over 11 weeks",NA,"nutrient enrichment","NH4","yes","stressors, resources",3.14501397626975,-1.78557861015297,4.93059258642272,"litterbag","M","D","bacteria","Shannon index","total OTU-based per composite sample","Correlation","SD not imputed","SD not imputed"
"27",98,98.2,0.042391510561407,0.5,5,"rate (k)","d-1","observational","field","aquatic","stream","France",77,"Alnus glutinosa","broad leaves","0.5","7 sampling dates over 11 weeks",NA,"nutrient enrichment","NH4","yes","stressors, resources",3.14501397626975,-1.78557861015297,4.93059258642272,"litterbag","M","D","fungi","Evenness","total OTU-based per composite sample","Correlation","SD not imputed","SD not imputed"
"28",98,98.2,-0.823718616042848,0.5,5,"rate (k)","d-1","observational","field","aquatic","stream","France",77,"Alnus glutinosa","broad leaves","0.5","7 sampling dates over 11 weeks",NA,"nutrient enrichment","NH4","yes","stressors, resources",3.14501397626975,-1.78557861015297,4.93059258642272,"litterbag","M","D","fungi","Shannon index","total OTU-based per composite sample","Correlation","SD not imputed","SD not imputed"
"29",98,98.2,-0.352759588147723,0.5,5,"rate (k)","d-1","observational","field","aquatic","stream","France",77,"Alnus glutinosa","broad leaves","0.5","7 sampling dates over 11 weeks",NA,"nutrient enrichment","NH4","yes","stressors, resources",3.14501397626975,-1.78557861015297,4.93059258642272,"litterbag","M","D","fungi","Evenness","total per composite sample","Correlation","SD not imputed","SD not imputed"
"30",98,98.2,-0.601525259167645,0.5,5,"rate (k)","d-1","observational","field","aquatic","stream","France",77,"Alnus glutinosa","broad leaves","0.5","7 sampling dates over 11 weeks",NA,"nutrient enrichment","NH4","yes","stressors, resources",3.14501397626975,-1.78557861015297,4.93059258642272,"litterbag","M","D","fungi","Shannon index","total per composite sample","Correlation","SD not imputed","SD not imputed"
"31",101,101.1,0.23563972629211,0.0175438596491228,60,"rate (k)","d-1","observational","field","aquatic","stream","Portugal",28,"Chestnut","broad leaves","5","4 sampling dates over 28 days",NA,"eutrophication","NH4","yes","stressors, resources",3.13271644845934,-3.65738078705457,6.79009723551391,"litterbag","A","DFW","invertebrates","taxa richness","no./bag","Correlation","SD not imputed","SD not imputed"
"32",101,101.1,-0.309844555218159,0.0175438596491228,60,"rate (k)","d-1","observational","field","aquatic","stream","Portugal",28,"Chestnut","broad leaves","5","4 sampling dates over 28 days",NA,"eutrophication","NH4","yes","stressors, resources",3.13271644845934,-3.65738078705457,6.79009723551391,"litterbag","M","D","fungi","taxa richness","no./bag","Correlation","SD not imputed","SD not imputed"
"33",119,119.1,-0.163735864277489,0.5,4,"mass loss","%","experimental","laboratory","aquatic","stream","Portugal",1,"Alnus glutinosa","leaf discs",NA,"single point in time","small","nutrient enrichment","SRP","no",NA,2.73111547403321,-5.1892834455239,7.92039891955711,"litterbag","M","D","fungi","taxa richness","no./composite sample","Correlation","VAR zcor imputed","VAR zcor imputed"
"34",119,119.1,-1.57466574630276,0.5,4,"mass loss","%","experimental","laboratory","aquatic","stream","Portugal",35,"Alnus glutinosa","leaf discs",NA,"single point in time","small","metals","Zn","no",NA,6.16484658886313,-5.1892834455239,11.354130034387,"litterbag","M","D","fungi","taxa richness","no./composite sample","Correlation","VAR zcor imputed","VAR zcor imputed"
"35",123,123.1,-0.614661323098108,0.0208333333333333,51,"rate (k)","d-1","observational","field","aquatic","streams","Germany",19,"Alnus glutinosa","broad leaves","0.25","single point in time",NA,"pesticides","pesticide mixture","yes","stressors, resources",0.532587115547503,-1.05664808956908,1.58923520511658,"leaf discs","M","D","fungi","taxa richness","no./sample","Correlation","SD not imputed","SD not imputed"
"36",123,123.1,-0.308574393588737,0.0714285714285714,17,"rate (k)","d-1","observational","field","aquatic","streams","Germany",19,"Alnus glutinosa","broad leaves","8","single point in time",NA,"pesticides","pesticide mixture","yes","stressors, resources",0.57500693825572,-2.09286456201198,2.6678715002677,"litterbag","A","D","shredders","taxa richness","no./composite sample","Correlation","SD not imputed","SD not imputed"
"37",123,123.1,-0.0971681448282832,0.0714285714285714,17,"rate (k)","d-1","observational","field","aquatic","streams","Germany",19,"Alnus glutinosa","broad leaves","8","single point in time",NA,"pesticides","pesticide mixture","yes","stressors, resources",0.57500693825572,-2.09286456201198,2.6678715002677,"litterbag","A","DFW","invertebrates","taxa richness","no./composite sample","Correlation","SD not imputed","SD not imputed"
"38",129,129.1,1.12576614488361,0.5,5,"rate (k)","d-1","experimental","field","aquatic","stream","Portugal",94.5,"Ochroma pyramidale","wood/veneer","10","over 5 sampling dates","small","nutrient enrichment","NO3","no",NA,-1.13046498721933,-3.6954143445996,2.56494935738027,"litterbag","M","D","fungi","taxa richness","total no. taxa","Correlation","SD not imputed","SD not imputed"
"39",129,129.1,-0.585487969555348,0.5,5,"rate (k)","d-1","experimental","field","aquatic","stream","Portugal",35,"Alnus glutinosa","broad leaves","10","over 5 sampling dates","small","nutrient enrichment","NO3","no",NA,-1.13046498721933,-3.6954143445996,2.56494935738027,"litterbag","M","D","fungi","taxa richness","total no. taxa","Correlation","SD not imputed","SD not imputed"
"40",129,129.1,0.371676737523751,0.5,5,"rate (k)","d-1","experimental","field","aquatic","stream","Portugal",94.5,"Quercus robur","broad leaves","10","over 5 sampling dates","small","nutrient enrichment","NO3","no",NA,-1.13046498721933,-3.6954143445996,2.56494935738027,"litterbag","M","D","fungi","taxa richness","total no. taxa","Correlation","SD not imputed","SD not imputed"
"41",157,157.1,0.28610895676177,0.111111111111111,12,"rate (k)","d-1","observational","field","aquatic","stream","USA",147,"red maple","broad leaves","4","4 sampling dates over 147 days","large","nutrient enrichment","SRP","yes","stressors, resources",-2.14849155765665,-2.95286437332682,0.80437281567017,"litterbag","A","DFW","invertebrates","taxa richness","per stream","Correlation","SD not imputed","SD not imputed"
"42",180,180.1,-0.58240554560279,0.0555555555555556,21,"rate (k)","d-1","observational","field","aquatic","stream","USA",56,"Acer saccharinum","broad leaves","10","3 samplings over 3 years","large","acid mine drainage","Al","yes","stressors",3.60811809746948,0.321583624127462,3.28653447334202,"kicknet and dip net","A","bioindicators","EPT","taxa richness","no./composite sample","Correlation","SD not imputed","SD not imputed"
"43",180,180.1,-1.17626473102635,0.0555555555555556,21,"rate (k)","d-1","observational","field","aquatic","stream","USA",56,"Acer saccharinum","broad leaves","10","3 samplings over 3 years","large","acid mine drainage","Al","yes","stressors",3.60811809746948,0.321583624127462,3.28653447334202,"kicknet and dip net","A","W","invertebrates","taxa richness","no./composite sample","Correlation","SD not imputed","SD not imputed"
"44",203,203.1,-0.913888848386706,0.0144927536231884,72,"rate (k)","d-1","observational","field","aquatic","stream","France",27,"Alnus glutinosa","broad leaves","10","single point in time","middle","eutrophication","NH4","yes","stressors, resources",1.61073507076035,-1.80892597414997,3.41966104491032,"Surber sampler","A","D","shredders","taxa richness","per m2","Correlation","SD not imputed","SD not imputed"
"45",203,203.1,-0.522440489605897,0.0144927536231884,72,"rate (k)","d-1","observational","field","aquatic","stream","France",27,"Alnus glutinosa","broad leaves","10","single point in time","middle","eutrophication","NH4","yes","stressors, resources",1.61073507076035,-1.80892597414997,3.41966104491032,"Surber sampler","A","W","invertebrates","Shannon index","per sample","Correlation","SD not imputed","SD not imputed"
"46",213,213.1,-0.798228197972328,0.00350877192982456,288,"rate (k)","d-1","observational","field","aquatic","estuary","Portugal",30,"Fucus vesiculosus","algae cut in 8 cm long fragments","5","4 samplings over 2 months","middle","metals","Hg","yes","stressors",2.00143640728089,-5.1892834455239,7.19071985280479,"litterbag","A","DFW","invertebrates","taxa richness","no./bag","Correlation","SD not imputed","SD not imputed"
"47",213,213.1,-0.38245790765987,0.00350877192982456,288,"rate (k)","d-1","observational","field","aquatic","estuary","Portugal",30,"Fucus vesiculosus","algae cut in 8 cm long fragments","5","4 samplings over 2 months","middle","metals","Hg","yes","stressors",2.00143640728089,-5.1892834455239,7.19071985280479,"litterbag","A","DFW","invertebrates","Shannon index","per bag","Correlation","SD not imputed","SD not imputed"
"48",213,213.1,-0.866618805131861,0.010752688172043,96,"rate (k)","d-1","observational","field","aquatic","estuary","Portugal",30,"Fucus vesiculosus","algae cut in 8 cm long fragments","5","single point in time","middle","metals","Hg","yes","stressors",2.00143640728089,-5.1892834455239,7.19071985280479,"core","A","W","invertebrates","Shannon index","per core sample","Correlation","SD not imputed","SD not imputed"
"49",213,213.1,-0.766942481950865,0.010752688172043,96,"rate (k)","d-1","observational","field","aquatic","estuary","Portugal",30,"Fucus vesiculosus","algae cut in 8 cm long fragments","5","single point in time","middle","metals","Hg","yes","stressors",2.00143640728089,-5.1892834455239,7.19071985280479,"core","A","W","invertebrates","taxa richness","per core sample","Correlation","SD not imputed","SD not imputed"
"50",213,213.1,-0.493224037029444,0.00350877192982456,288,"rate (k)","d-1","observational","field","aquatic","estuary","Portugal",30,"Phragmites australis","broad leaves cut in 8 cm long fragments","5","4 samplings over 2 months","middle","metals","Hg","yes","stressors",2.00143640728089,-5.1892834455239,7.19071985280479,"litterbag","A","DFW","invertebrates","taxa richness","no./bag","Correlation","SD not imputed","SD not imputed"
"51",213,213.1,-0.514321616071429,0.00350877192982456,288,"rate (k)","d-1","observational","field","aquatic","estuary","Portugal",30,"Phragmites australis","broad leaves cut in 8 cm long fragments","5","4 samplings over 2 months","middle","metals","Hg","yes","stressors",2.00143640728089,-5.1892834455239,7.19071985280479,"litterbag","A","DFW","invertebrates","Shannon index","per bag","Correlation","SD not imputed","SD not imputed"
"52",215,215.1,-1.32230780580821,0.5,4,"rate (k)","d-1","observational","field","terrestrial","forest (brownfield)","France",283,"Populus tremula","broad leaves without petioles","5","single point in time","small","metals","Pb","yes","stressors",6.30787328773879,0.277801963852074,6.03007132388672,"pitfall traps","A","W","macrofauna","taxa richness","no./composite sample","Correlation","VAR zcor imputed","VAR zcor imputed"
"53",252,252.1,-1.44172016135563,0.333333333333333,6,"mass loss","%","experimental","microcosms","aquatic","stream","Portugal",24,"Alnus glutinosa","leaf discs","0.5","single point in time","small","metals","Cd","no",NA,10.0725638825801,-5.1892834455239,15.261847328104,"conidial suspension","M","D","fungi","taxa richness","no. conidial morphotypes/composite sample","Correlation","SD not imputed","SD not imputed"
"54",252,252.1,-1.22742213045555,0.333333333333333,6,"mass loss","%","experimental","microcosms","aquatic","stream","Portugal",24,"Alnus glutinosa","leaf discs","0.5","single point in time","small","metals","Cd","no",NA,10.0725638825801,-5.1892834455239,15.261847328104,"litterbag","M","D","fungi","taxa richness","no. OTUs/composite sample","Correlation","SD not imputed","SD not imputed"
"55",254,254.1,-0.337686667062815,0.0625,19,"rate (k) invertebrates","d-1","observational","field","aquatic","stream","Germany",21,"Birch","broad leaves","coarse","single point in time",NA,"pesticides","pesticide mixture","yes","stressors, resources",0.566395474920802,-1.43508452528932,2.00148000021012,"Surber sampler","A","W","invertebrates","taxa richness","no./composite sample","Correlation","SD not imputed","SD not imputed"
"56",275,275.1,0.898570208943,0.5,5,"rate (k)","d-1","observational","field","aquatic","river","Portugal",35,"Alnus glutinosa","broad leaves","0.5","5 sampling dates over 5 weeks",NA,"wastewater","SRP","yes","stressors, resources",2.00148000021012,-0.105360515657826,2.10684051586795,"litterbag","M","D","fungi","taxa richness","total richness","Correlation","SD not imputed","SD not imputed"
"57",275,275.1,-0.34564028998426,0.333333333333333,6,"rate (k)","d-1","observational","field","aquatic","river","Portugal",35,"Alnus glutinosa","broad leaves","10","5 sampling dates over 5 weeks",NA,"wastewater","SRP","yes","stressors, resources",2.00148000021012,-0.105360515657826,2.10684051586795,"litterbag","A","DFW","invertebrates","taxa richness","total richness","Correlation","SD not imputed","SD not imputed"
"58",279,279.1,-0.337822180092925,0.037037037037037,30,"rate (k)","%AFDM.d-1","observational","field","aquatic","stream","Spain",58,"Alnus glutinosa","broad leaves","5","single point in time","middle","eutrophication","SRP","yes","resource",0.588651227843739,-0.785472597727358,1.3741238255711,"litterbag","A","D","shredders","Shannon index","per bag","Correlation","SD not imputed","SD not imputed"
"59",279,279.1,-0.586266891307197,0.037037037037037,30,"rate (k)","%AFDM.d-1","observational","field","aquatic","stream","Spain",58,"Alnus glutinosa","broad leaves","5","single point in time","middle","eutrophication","SRP","yes","resource",0.588651227843739,-0.785472597727358,1.3741238255711,"litterbag","A","D","shredders","taxa richness","per bag","Correlation","SD not imputed","SD not imputed"
"60",279,279.1,-0.665232381377465,0.037037037037037,30,"rate (k)","%AFDM.d-1","observational","field","aquatic","stream","Spain",58,"Alnus glutinosa","broad leaves","5","single point in time","middle","eutrophication","SRP","yes","resource",0.588651227843739,-0.785472597727358,1.3741238255711,"litterbag","A","DFW","invertebrates","Shannon index","per bag","Correlation","SD not imputed","SD not imputed"
"61",279,279.1,0.0158302386787188,0.037037037037037,30,"rate (k)","%AFDM.d-1","observational","field","aquatic","stream","Spain",58,"Alnus glutinosa","broad leaves","5","single point in time","middle","eutrophication","SRP","yes","resource",0.588651227843739,-0.785472597727358,1.3741238255711,"litterbag","A","DFW","invertebrates","taxa richness","per bag","Correlation","SD not imputed","SD not imputed"
"62",279,279.1,0.669255513528972,0.037037037037037,30,"rate (k)","%AFDM.d-1","observational","field","aquatic","stream","Spain",58,"Alnus glutinosa","broad leaves","5","single point in time","middle","eutrophication","SRP","yes","resource",0.588651227843739,-0.785472597727358,1.3741238255711,"litterbag","M","D","fungi","Shannon index","per bag","Correlation","SD not imputed","SD not imputed"
"63",279,279.1,0.670755804959865,0.037037037037037,30,"rate (k)","%AFDM.d-1","observational","field","aquatic","stream","Spain",58,"Alnus glutinosa","broad leaves","5","single point in time","middle","eutrophication","SRP","yes","resource",0.588651227843739,-0.785472597727358,1.3741238255711,"litterbag","M","D","fungi","taxa richness","taxa/bag","Correlation","SD not imputed","SD not imputed"
"64",289,289.1,-0.0333065128092141,0.0104166666666667,99,"rate (k)","d-1","observational","field","aquatic","stream","France",66,"Fagus sylvatica","broad leaves","6",NA,NA,"nutrient enrichment","NH4","yes","stressors, resources",0.785270469435751,-0.458707669503884,1.24397813893963,"litterbag","A","D","shredders","taxa richness","per bag","Correlation","SD not imputed","SD not imputed"
"65",289,289.1,0.612412599894619,0.0104166666666667,99,"rate (k)","d-1","observational","field","aquatic","stream","France",66,"Fagus sylvatica","broad leaves","6",NA,NA,"nutrient enrichment","NH4","yes","stressors, resources",0.785270469435751,-0.458707669503884,1.24397813893963,"litterbag","A","DFW","deposit-feeder","taxa richness","per bag","Correlation","SD not imputed","SD not imputed"
"66",289,289.1,0.27440516264909,0.0104166666666667,99,"rate (k)","d-1","observational","field","aquatic","stream","France",66,"Fagus sylvatica","broad leaves","6",NA,NA,"nutrient enrichment","NH4","yes","stressors, resources",0.785270469435751,-0.458707669503884,1.24397813893963,"litterbag","A","DFW","invertebrates","taxa richness","per bag","Correlation","SD not imputed","SD not imputed"
"67",289,289.1,0.0496112537619138,0.0104166666666667,99,"rate (k)","d-1","observational","field","aquatic","stream","France",66,"Fagus sylvatica","broad leaves","6",NA,NA,"nutrient enrichment","NH4","yes","stressors, resources",0.785270469435751,-0.458707669503884,1.24397813893963,"litterbag","A","DFW","scrapers","taxa richness","per bag","Correlation","SD not imputed","SD not imputed"
"68",317,317.1,0.118027935361647,0.0434782608695652,26,"rate (k) invertebrates","d-1","observational","field","aquatic","stream","Finland",21,"Alnus glutinosa","broad leaves","6","two sampling dates over 2 months",NA,"pesticides","pesticide mixture","yes","stressors, resources",-0.514005276683371,-1.25276296849537,0.738757691811999,"Surber sampler","A","W","invertebrates","Evenness","no./composite sample","Correlation","SD not imputed","SD not imputed"
"69",317,317.1,0.10628795963015,0.0434782608695652,26,"rate (k) invertebrates","d-1","observational","field","aquatic","stream","Finland",21,"Alnus glutinosa","broad leaves","6","two sampling dates over 2 months",NA,"pesticides","pesticide mixture","yes","stressors, resources",-0.514005276683371,-1.25276296849537,0.738757691811999,"Surber sampler","A","W","invertebrates","Shannon index","no./composite sample","Correlation","SD not imputed","SD not imputed"
"70",317,317.1,-0.0487300831898871,0.0434782608695652,26,"rate (k) invertebrates","d-1","observational","field","aquatic","stream","Finland",21,"Alnus glutinosa","broad leaves","6","two sampling dates over 2 months",NA,"pesticides","pesticide mixture","yes","stressors, resources",-0.514005276683371,-1.25276296849537,0.738757691811999,"Surber sampler","A","W","invertebrates","taxa richness","no./composite sample","Correlation","SD not imputed","SD not imputed"
"71",317,317.2,-0.790180909442071,0.0344827586206897,32,"rate (k) invertebrates","d-1","observational","field","aquatic","stream","France",21,"Alnus glutinosa","broad leaves","6","two sampling dates over 2 months",NA,"pesticides","pesticide mixture","yes","stressors, resources",0.902867711542014,-1.25276296849537,2.15563068003738,"Surber sampler","A","W","invertebrates","Evenness","no./composite sample","Correlation","SD not imputed","SD not imputed"
"72",317,317.2,-0.805650231925055,0.0344827586206897,32,"rate (k) invertebrates","d-1","observational","field","aquatic","stream","France",21,"Alnus glutinosa","broad leaves","6","two sampling dates over 2 months",NA,"pesticides","pesticide mixture","yes","stressors, resources",0.902867711542014,-1.25276296849537,2.15563068003738,"Surber sampler","A","W","invertebrates","Shannon index","no./composite sample","Correlation","SD not imputed","SD not imputed"
"73",317,317.2,-0.484392273769938,0.0344827586206897,32,"rate (k) invertebrates","d-1","observational","field","aquatic","stream","France",21,"Alnus glutinosa","broad leaves","6","two sampling dates over 2 months",NA,"pesticides","pesticide mixture","yes","stressors, resources",0.902867711542014,-1.25276296849537,2.15563068003738,"Surber sampler","A","W","invertebrates","taxa richness","no./composite sample","Correlation","SD not imputed","SD not imputed"
"74",326,326.1,0.574321813139621,0.037037037037037,30,"rate (k)","d-1","observational","field","aquatic","stream","USA, Alaska",56,"Calamagrostis canadensis","grass",NA,"single point in time","middle","nutrient enrichment","SRP","yes","resource",0.477320545208592,-0.549635754553082,1.02695629976167,"litterbag","A","W","invertebrates","taxa richness","no./bag","Correlation","SD not imputed","SD not imputed"
"75",374,374.1,-0.772603572266725,0.0222222222222222,48,"rate (k)","d-1","observational","field","aquatic","stream","USA",35,"Red maple","broad leaves","10","single point in time","middle","metals","Zn","yes","stressors",5.80618929421006,0.670415774876332,5.13577351933373,"litterbag","A","bioindicators","EPT","taxa richness","no./bag","Correlation","SD not imputed","SD not imputed"
"76",374,374.1,-0.798399283309417,0.0222222222222222,48,"rate (k)","d-1","observational","field","aquatic","stream","USA",35,"Red maple","broad leaves","10","single point in time","middle","metals","Zn","yes","stressors",5.80618929421006,0.670415774876332,5.13577351933373,"litterbag","A","DFW","invertebrates","taxa richness","no./bag","Correlation","SD not imputed","SD not imputed"
"77",374,374.1,-0.0858266693241207,0.0222222222222222,48,"rate (k)","d-1","observational","field","aquatic","stream","USA",35,"Red maple","broad leaves","10","single point in time","middle","metals","Zn","yes","stressors",5.80618929421006,0.670415774876332,5.13577351933373,"litterbag","A","DFW","invertebrates","Shannon index","per bag","Correlation","SD not imputed","SD not imputed"
"78",4,4.1,0.102667577378106,0.111111111111111,12,"rate (k)","d-1","experimental","mesocosm","aquatic","lagoon","Portugal",84,"Alnus glutinosa","broad leaves","5","single point in time","small","pesticides","fungicide: pyrimethanil","no",NA,2.85597033117883,-5.1892834455239,8.04525377670273,"litterbag","A","DFW","invertebrates","taxa richness","no./bag","Hedge's d","SD not imputed","SD not imputed"
"79",52,52.1,-1.80284077847364,0.0212765957446809,50,"dry mass remaining","%","observational","field","aquatic","stream","USA",102,"Red maple","broad leaves","10","5 samplings over 1 year","large","metals","As","no",NA,3.73686343259714,-0.463868640678219,4.20073207327536,"stovepipe","A","W","invertebrates","taxa richness","no./sample","Hedge's d","SD not imputed","SD not imputed"
"80",70,70.1,-0.208232398090861,0.0769230769230769,16,"mass loss","g","experimental","field","terrestrial","agricultural field","UK",365,"ryegrass","grass","10","4 samplings over 9 months","middle","metals","Zn","yes","stressors, resources",1.72597172869005,0.650831796207084,1.07513993248297,"litterbag","A","DFW","invertebrates","taxa richness","no./bag","Hedge's d","SD not imputed","SD not imputed"
"81",70,70.1,0.038382345970602,0.0769230769230769,16,"mass loss","g","experimental","field","terrestrial","agricultural field","UK",365,"ryegrass","grass","10","4 samplings over 9 months","middle","metals","Zn","yes","stressors, resources",2.3625485577616,0.650831796207084,1.71171676155452,"litterbag","A","DFW","invertebrates","taxa richness","no./bag","Hedge's d","SD not imputed","SD not imputed"
"82",70,70.1,0.0196619064575837,0.0769230769230769,16,"mass loss","g","experimental","field","terrestrial","agricultural field","UK",365,"ryegrass","grass","10","4 samplings over 9 months","middle","metals","Cu","yes","stressors, resources",0.503748453391906,-1.70870513527627,2.21245358866818,"litterbag","A","DFW","invertebrates","taxa richness","no./bag","Hedge's d","SD not imputed","SD not imputed"
"83",70,70.1,-0.227437795994392,0.0769230769230769,16,"mass loss","g","experimental","field","terrestrial","agricultural field","UK",365,"ryegrass","grass","10","4 samplings over 9 months","middle","metals","Cu","yes","stressors, resources",1.56571247490428,-1.70870513527627,3.27441761018055,"litterbag","A","DFW","invertebrates","taxa richness","no./bag","Hedge's d","SD not imputed","SD not imputed"
"84",70,70.1,-0.570892389519644,0.0769230769230769,16,"mass loss","g","experimental","field","terrestrial","agricultural field","UK",365,"ryegrass","grass","10","4 samplings over 9 months","middle","metals","Ni","yes","stressors, resources",-0.163897018110399,-0.942552300384931,0.778655282274532,"litterbag","A","DFW","invertebrates","taxa richness","no./bag","Hedge's d","SD not imputed","SD not imputed"
"85",70,70.1,-0.0994854815022689,0.0769230769230769,16,"mass loss","g","experimental","field","terrestrial","agricultural field","UK",365,"ryegrass","grass","10","4 samplings over 9 months","middle","metals","Ni","yes","stressors, resources",0.234979582833671,-0.942552300384931,1.1775318832186,"litterbag","A","DFW","invertebrates","taxa richness","no./bag","Hedge's d","SD not imputed","SD not imputed"
"86",70,70.1,0,0.0769230769230769,16,"mass loss","g","experimental","field","terrestrial","agricultural field","UK",365,"ryegrass","grass","10","4 samplings over 9 months","middle","metals","Zn","yes","stressors, resources",1.72597172869005,0.650831796207084,1.07513993248297,"litterbag","A","DFW","invertebrates","Shannon index","per bag","Hedge's d","SD not imputed","SD imputed"
"87",70,70.1,-0.260050572071333,0.0769230769230769,16,"mass loss","g","experimental","field","terrestrial","agricultural field","UK",365,"ryegrass","grass","10","4 samplings over 9 months","middle","metals","Zn","yes","stressors, resources",2.3625485577616,0.650831796207084,1.71171676155452,"litterbag","A","DFW","invertebrates","Shannon index","per bag","Hedge's d","SD not imputed","SD imputed"
"88",70,70.1,-0.131119737631448,0.0769230769230769,16,"mass loss","g","experimental","field","terrestrial","agricultural field","UK",365,"ryegrass","grass","10","4 samplings over 9 months","middle","metals","Cu","yes","stressors, resources",0.503748453391906,-1.70870513527627,2.21245358866818,"litterbag","A","DFW","invertebrates","Shannon index","per bag","Hedge's d","SD not imputed","SD imputed"
"89",70,70.1,-0.552409866805969,0.0769230769230769,16,"mass loss","g","experimental","field","terrestrial","agricultural field","UK",365,"ryegrass","grass","10","4 samplings over 9 months","middle","metals","Cu","yes","stressors, resources",1.56571247490428,-1.70870513527627,3.27441761018055,"litterbag","A","DFW","invertebrates","Shannon index","per bag","Hedge's d","SD not imputed","SD imputed"
"90",70,70.1,-0.0896930462948433,0.0769230769230769,16,"mass loss","g","experimental","field","terrestrial","agricultural field","UK",365,"ryegrass","grass","10","4 samplings over 9 months","middle","metals","Ni","yes","stressors, resources",-0.163897018110399,-0.942552300384931,0.778655282274532,"litterbag","A","DFW","invertebrates","Shannon index","per bag","Hedge's d","SD not imputed","SD imputed"
"91",70,70.1,-0.168270766942586,0.0769230769230769,16,"mass loss","g","experimental","field","terrestrial","agricultural field","UK",365,"ryegrass","grass","10","4 samplings over 9 months","middle","metals","Ni","yes","stressors, resources",0.234979582833671,-0.942552300384931,1.1775318832186,"litterbag","A","DFW","invertebrates","Shannon index","per bag","Hedge's d","SD not imputed","SD imputed"
"92",70,70.1,0,0.0769230769230769,16,"mass loss","g","experimental","field","terrestrial","agricultural field","UK",365,"ryegrass","grass","10","4 samplings over 9 months","middle","metals","Zn","yes","stressors, resources",1.72597172869005,0.650831796207084,1.07513993248297,"litterbag","A","DFW","invertebrates","Evenness","per bag","Hedge's d","SD not imputed","SD imputed"
"93",70,70.1,-0.0406798504752997,0.0769230769230769,16,"mass loss","g","experimental","field","terrestrial","agricultural field","UK",365,"ryegrass","grass","10","4 samplings over 9 months","middle","metals","Zn","yes","stressors, resources",2.3625485577616,0.650831796207084,1.71171676155452,"litterbag","A","DFW","invertebrates","Evenness","per bag","Hedge's d","SD not imputed","SD imputed"
"94",70,70.1,0,0.0769230769230769,16,"mass loss","g","experimental","field","terrestrial","agricultural field","UK",365,"ryegrass","grass","10","4 samplings over 9 months","middle","metals","Cu","yes","stressors, resources",0.503748453391906,-1.70870513527627,2.21245358866818,"litterbag","A","DFW","invertebrates","Evenness","per bag","Hedge's d","SD not imputed","SD imputed"
"95",70,70.1,0.0199924405327196,0.0769230769230769,16,"mass loss","g","experimental","field","terrestrial","agricultural field","UK",365,"ryegrass","grass","10","4 samplings over 9 months","middle","metals","Cu","yes","stressors, resources",1.56571247490428,-1.70870513527627,3.27441761018055,"litterbag","A","DFW","invertebrates","Evenness","per bag","Hedge's d","SD not imputed","SD imputed"
"96",70,70.1,0.0592534170060868,0.0769230769230769,16,"mass loss","g","experimental","field","terrestrial","agricultural field","UK",365,"ryegrass","grass","10","4 samplings over 9 months","middle","metals","Ni","yes","stressors, resources",-0.163897018110399,-0.942552300384931,0.778655282274532,"litterbag","A","DFW","invertebrates","Evenness","per bag","Hedge's d","SD not imputed","SD imputed"
"97",70,70.1,0.0592534170060868,0.0769230769230769,16,"mass loss","g","experimental","field","terrestrial","agricultural field","UK",365,"ryegrass","grass","10","4 samplings over 9 months","middle","metals","Ni","yes","stressors, resources",0.234979582833671,-0.942552300384931,1.1775318832186,"litterbag","A","DFW","invertebrates","Evenness","per bag","Hedge's d","SD not imputed","SD imputed"
"98",70,70.1,0.241338984098729,0.0344827586206897,32,"mass loss","g","experimental","field","terrestrial","agricultural field","UK",365,"ryegrass","grass","10","8 samplings over 21 months","middle","metals","Zn","yes","stressors, resources",1.72597172869005,0.650831796207084,1.07513993248297,"soil cores","A","W","invertebrates","taxa richness","no./sample","Hedge's d","SD not imputed","SD not imputed"
"99",70,70.1,-0.127169213826787,0.0344827586206897,32,"mass loss","g","experimental","field","terrestrial","agricultural field","UK",365,"ryegrass","grass","10","8 samplings over 21 months","middle","metals","Zn","yes","stressors, resources",2.3625485577616,0.650831796207084,1.71171676155452,"soil cores","A","W","invertebrates","taxa richness","no./sample","Hedge's d","SD not imputed","SD not imputed"
"100",70,70.1,-0.195195893559182,0.0344827586206897,32,"mass loss","g","experimental","field","terrestrial","agricultural field","UK",365,"ryegrass","grass","10","8 samplings over 21 months","middle","metals","Cu","yes","stressors, resources",0.503748453391906,-1.70870513527627,2.21245358866818,"soil cores","A","W","invertebrates","taxa richness","no./sample","Hedge's d","SD not imputed","SD not imputed"
"101",70,70.1,-0.272323738049554,0.0344827586206897,32,"mass loss","g","experimental","field","terrestrial","agricultural field","UK",365,"ryegrass","grass","10","8 samplings over 21 months","middle","metals","Cu","yes","stressors, resources",1.56571247490428,-1.70870513527627,3.27441761018055,"soil cores","A","W","invertebrates","taxa richness","no./sample","Hedge's d","SD not imputed","SD not imputed"
"102",70,70.1,-0.0241216008121049,0.0344827586206897,32,"mass loss","g","experimental","field","terrestrial","agricultural field","UK",365,"ryegrass","grass","10","8 samplings over 21 months","middle","metals","Ni","yes","stressors, resources",-0.163897018110399,-0.942552300384931,0.778655282274532,"soil cores","A","W","invertebrates","taxa richness","no./sample","Hedge's d","SD not imputed","SD not imputed"
"103",70,70.1,-0.17776721317623,0.0344827586206897,32,"mass loss","g","experimental","field","terrestrial","agricultural field","UK",365,"ryegrass","grass","10","8 samplings over 21 months","middle","metals","Ni","yes","stressors, resources",0.234979582833671,-0.942552300384931,1.1775318832186,"soil cores","A","W","invertebrates","taxa richness","no./sample","Hedge's d","SD not imputed","SD not imputed"
"104",70,70.1,-0.158878538116566,0.0344827586206897,32,"mass loss","g","experimental","field","terrestrial","agricultural field","UK",365,"ryegrass","grass","10","8 samplings over 21 months","middle","metals","Zn","yes","stressors, resources",1.72597172869005,0.650831796207084,1.07513993248297,"soil cores","A","W","invertebrates","Shannon index","no./sample","Hedge's d","SD not imputed","SD imputed"
"105",70,70.1,-0.215948989913369,0.0344827586206897,32,"mass loss","g","experimental","field","terrestrial","agricultural field","UK",365,"ryegrass","grass","10","8 samplings over 21 months","middle","metals","Zn","yes","stressors, resources",2.3625485577616,0.650831796207084,1.71171676155452,"soil cores","A","W","invertebrates","Shannon index","no./sample","Hedge's d","SD not imputed","SD imputed"
"106",70,70.1,-0.276283375593572,0.0344827586206897,32,"mass loss","g","experimental","field","terrestrial","agricultural field","UK",365,"ryegrass","grass","10","8 samplings over 21 months","middle","metals","Cu","yes","stressors, resources",0.503748453391906,-1.70870513527627,2.21245358866818,"soil cores","A","W","invertebrates","Shannon index","no./sample","Hedge's d","SD not imputed","SD imputed"
"107",70,70.1,-0.499573006581,0.0344827586206897,32,"mass loss","g","experimental","field","terrestrial","agricultural field","UK",365,"ryegrass","grass","10","8 samplings over 21 months","middle","metals","Cu","yes","stressors, resources",1.56571247490428,-1.70870513527627,3.27441761018055,"soil cores","A","W","invertebrates","Shannon index","no./sample","Hedge's d","SD not imputed","SD imputed"
"108",70,70.1,-0.0256569832322342,0.0344827586206897,32,"mass loss","g","experimental","field","terrestrial","agricultural field","UK",365,"ryegrass","grass","10","8 samplings over 21 months","middle","metals","Ni","yes","stressors, resources",-0.163897018110399,-0.942552300384931,0.778655282274532,"soil cores","A","W","invertebrates","Shannon index","no./sample","Hedge's d","SD not imputed","SD imputed"
"109",70,70.1,-0.154831586082497,0.0344827586206897,32,"mass loss","g","experimental","field","terrestrial","agricultural field","UK",365,"ryegrass","grass","10","8 samplings over 21 months","middle","metals","Ni","yes","stressors, resources",0.234979582833671,-0.942552300384931,1.1775318832186,"soil cores","A","W","invertebrates","Shannon index","no./sample","Hedge's d","SD not imputed","SD imputed"
"110",70,70.1,-0.0213561030168873,0.0344827586206897,32,"mass loss","g","experimental","field","terrestrial","agricultural field","UK",365,"ryegrass","grass","10","8 samplings over 21 months","middle","metals","Zn","yes","stressors, resources",1.72597172869005,0.650831796207084,1.07513993248297,"soil cores","A","W","invertebrates","Evenness","no./sample","Hedge's d","SD not imputed","SD imputed"
"111",70,70.1,0,0.0344827586206897,32,"mass loss","g","experimental","field","terrestrial","agricultural field","UK",365,"ryegrass","grass","10","8 samplings over 21 months","middle","metals","Zn","yes","stressors, resources",2.3625485577616,0.650831796207084,1.71171676155452,"soil cores","A","W","invertebrates","Evenness","no./sample","Hedge's d","SD not imputed","SD imputed"
"112",70,70.1,-0.0429572137235832,0.0344827586206897,32,"mass loss","g","experimental","field","terrestrial","agricultural field","UK",365,"ryegrass","grass","10","8 samplings over 21 months","middle","metals","Cu","yes","stressors, resources",0.503748453391906,-1.70870513527627,2.21245358866818,"soil cores","A","W","invertebrates","Evenness","no./sample","Hedge's d","SD not imputed","SD imputed"
"113",70,70.1,0.0419471967698475,0.0344827586206897,32,"mass loss","g","experimental","field","terrestrial","agricultural field","UK",365,"ryegrass","grass","10","8 samplings over 21 months","middle","metals","Cu","yes","stressors, resources",1.56571247490428,-1.70870513527627,3.27441761018055,"soil cores","A","W","invertebrates","Evenness","no./sample","Hedge's d","SD not imputed","SD imputed"
"114",70,70.1,-0.0429572137235832,0.0344827586206897,32,"mass loss","g","experimental","field","terrestrial","agricultural field","UK",365,"ryegrass","grass","10","8 samplings over 21 months","middle","metals","Ni","yes","stressors, resources",-0.163897018110399,-0.942552300384931,0.778655282274532,"soil cores","A","W","invertebrates","Evenness","no./sample","Hedge's d","SD not imputed","SD imputed"
"115",70,70.1,-0.0213561030168873,0.0344827586206897,32,"mass loss","g","experimental","field","terrestrial","agricultural field","UK",365,"ryegrass","grass","10","8 samplings over 21 months","middle","metals","Ni","yes","stressors, resources",0.234979582833671,-0.942552300384931,1.1775318832186,"soil cores","A","W","invertebrates","Evenness","no./sample","Hedge's d","SD not imputed","SD imputed"
"116",176,176.1,-0.311154040917959,0.333333333333333,6,"mass loss","%","experimental","field","terrestrial",NA,"Thailand",60,"Ipomoea aquatica","broad leaves",NA,"single point in time","middle","pesticides","herbicide: atrazine","no",NA,0,-5.1892834455239,5.1892834455239,"soil quadrats","A","W","invertebrates","Shannon index","per sample","Hedge's d","SD not imputed","SD not imputed"
"117",176,176.1,-0.2615932907675,0.333333333333333,6,"mass loss","%","experimental","field","terrestrial",NA,"Thailand",60,"Ipomoea aquatica","broad leaves",NA,"single point in time","middle","pesticides","insecticide: carbofuran","no",NA,0,-5.1892834455239,5.1892834455239,"soil quadrats","A","W","invertebrates","Shannon index","per sample","Hedge's d","SD not imputed","SD not imputed"
"118",176,176.1,-0.240101158070619,0.333333333333333,6,"mass loss","%","experimental","field","terrestrial",NA,"Thailand",60,"Ipomoea aquatica","broad leaves",NA,"single point in time","middle","pesticides","insecticide: chlorpyrifos","no",NA,0,-5.1892834455239,5.1892834455239,"soil quadrats","A","W","invertebrates","Shannon index","per sample","Hedge's d","SD not imputed","SD not imputed"
"119",344,344.1,-0.689865975690028,0.2,8,"rate (k)","d-1","experimental","mesocosm","aquatic","pond","Germany",68,"Alnus glutinosa","broad leaves shredded","0.2","single point in time","middle","pesticides","pesticide mixture","yes","stressors",0,-5.1892834455239,5.1892834455239,"litterbag","M","D","fungi","taxa richness","no./composite sample","Hedge's d","SD not imputed","SD not imputed"
"120",349,349.1,-0.14058385901373,0.5,4,"rate (k)","d-1","observational","field","aquatic","stream","UK",9,"Alnus glutinosa","broad leaves","10","single point in time","large","pesticides","insecticide: chlorpyrifos","no",NA,-0.244453337900961,-5.1892834455239,4.94483010762294,"Surber sampler","A","W","invertebrates","taxa richness","no./site","Hedge's d","VAR zcor imputed","VAR zcor imputed"
"121",29,29.1,-0.968879337945938,0.333333333333333,6,"rate (k)","d-1","observational","field","aquatic","stream","USA",183,"Maple","broad leaves",NA,"single point in time","middle","acid mine drainage","Al","yes","stressors",0.544727175441672,-0.371563556432483,0.916290731874155,"Surber sampler","A","W","invertebrates","taxa richness","no./standardized sample (200 ind.)","Hedge's d","SD not imputed","SD not imputed"
"122",29,29.1,-1.35499970976142,0.333333333333333,6,"rate (k)","d-1","observational","field","aquatic","stream","USA",183,"Maple","broad leaves",NA,"single point in time","middle","acid mine drainage","Al","yes","stressors",4.75636082418687,-0.371563556432483,5.12792438061935,"Surber sampler","A","W","invertebrates","taxa richness","no./standardized sample (200 ind.)","Hedge's d","SD not imputed","SD not imputed"
"123",29,29.2,-1.41466720633196,0.5,5,"rate (k)","d-1","observational","field","aquatic","stream","USA",183,"Maple","broad leaves",NA,"single point in time","middle","acid mine drainage","Al","yes","stressors",3.14988295338125,1.47426313406585,1.6756198193154,"Surber sampler","A","W","invertebrates","taxa richness","no./standardized sample (200 ind.)","Hedge's d","SD not imputed","SD imputed"
"124",29,29.2,-1.19005289858179,0.5,5,"rate (k)","d-1","observational","field","aquatic","stream","USA",183,"Maple","broad leaves",NA,"single point in time","middle","acid mine drainage","Al","yes","stressors",4.06715842191794,1.47426313406585,2.59289528785209,"Surber sampler","A","W","invertebrates","taxa richness","no./standardized sample (200 ind.)","Hedge's d","SD not imputed","SD imputed"
"125",29,29.1,-0.238596613993707,0.333333333333333,6,"rate (k)","d-1","observational","field","aquatic","stream","USA",183,"Maple","broad leaves",NA,"single point in time","middle","acid mine drainage","Al","yes","stressors",0.544727175441672,-0.371563556432483,0.916290731874155,"Surber sampler","A","W","EPT","taxa richness","no./standardized sample (200 ind.)","Hedge's d","SD not imputed","SD not imputed"
"126",29,29.1,-1.10496858542643,0.333333333333333,6,"rate (k)","d-1","observational","field","aquatic","stream","USA",183,"Maple","broad leaves",NA,"single point in time","middle","acid mine drainage","Al","yes","stressors",4.75636082418687,-0.371563556432483,5.12792438061935,"Surber sampler","A","W","EPT","taxa richness","no./standardized sample (200 ind.)","Hedge's d","SD not imputed","SD not imputed"
"127",29,29.2,-2.20317840571088,0.5,5,"rate (k)","d-1","observational","field","aquatic","stream","USA",183,"Maple","broad leaves",NA,"single point in time","middle","acid mine drainage","Al","yes","stressors",3.14988295338125,1.47426313406585,1.6756198193154,"Surber sampler","A","W","EPT","taxa richness","no./standardized sample (200 ind.)","Hedge's d","SD not imputed","SD imputed"
"128",29,29.2,-2.25519005573421,0.5,5,"rate (k)","d-1","observational","field","aquatic","stream","USA",183,"Maple","broad leaves",NA,"single point in time","middle","acid mine drainage","Al","yes","stressors",4.06715842191794,1.47426313406585,2.59289528785209,"Surber sampler","A","W","EPT","taxa richness","no./standardized sample (200 ind.)","Hedge's d","SD not imputed","SD imputed"
"129",170,170.1,-0.21740826594469,0.142857142857143,10,"dry mass remaining","%","experimental","field","terrestrial","pasture","New Zealand",305,"Lolium perenne","grass","1","single point in time","large","pesticides","herbicide: glyphosate","yes","stressors",3.40119738166216,-5.1892834455239,8.59048082718606,"soil cores","A","DFW","nematode","Shannon index","per sample","Hedge's d","SD imputed","SD imputed"
"130",262,262.1,-1.01394014126817,0.333333333333333,6,"rate (k)","d-1","observational","field","aquatic","stream","USA",77,"Populus tremuloides","broad leaves","8","mean of 2 values after 5 weeks exposure and 1 value after 11 weeks","small","acid mine drainage","Zn","yes","stressors",3.97777438299093,-0.0295588022415445,4.00733318523247,"litterbag","M","D","fungi","taxa richness","no. OTUs/sample","Hedge's d","SD not imputed","SD not imputed"
"131",262,262.1,-0.24682507501839,0.333333333333333,6,"rate (k)","d-1","observational","field","aquatic","stream","USA",77,"Populus tremuloides","broad leaves","8","mean of 2 values after 5 weeks exposure and 1 value after 11 weeks","small","acid mine drainage","Zn","yes","stressors",2.96617347131245,-0.0295588022415445,2.99573227355399,"litterbag","M","D","fungi","taxa richness","no. OTUs/sample","Hedge's d","SD not imputed","SD not imputed"
"132",262,262.1,-0.901005320009254,0.333333333333333,6,"rate (k)","d-1","observational","field","aquatic","stream","USA",77,"Populus tremuloides","broad leaves","8","mean of 2 values after 5 weeks exposure and 1 value after 11 weeks","small","acid mine drainage","Zn","yes","stressors",3.97777438299093,-0.0295588022415445,4.00733318523247,"litterbag","M","D","fungi","Shannon index","per sample","Hedge's d","SD not imputed","SD not imputed"
"133",262,262.1,-0.200742699114721,0.333333333333333,6,"rate (k)","d-1","observational","field","aquatic","stream","USA",77,"Populus tremuloides","broad leaves","8","mean of 2 values after 5 weeks exposure and 1 value after 11 weeks","small","acid mine drainage","Zn","yes","stressors",2.96617347131245,-0.0295588022415445,2.99573227355399,"litterbag","M","D","fungi","Shannon index","per sample","Hedge's d","SD not imputed","SD not imputed"
"134",153,153.1,0.20990689244403,0.111111111111111,12,"rate (k)","d-1","observational","field","aquatic","stream","Portugal",26,"Alnus glutinosa","broad leaves","10","single point in time","small","eutrophication",NA,"yes","resource",-0.116196794402512,-1.69173315516093,1.57553636075842,"litterbag","A","DFW","invertebrates","taxa richness","no./g AFDM","Hedge's d","SD not imputed","SD not imputed"
"135",153,153.2,0.10634890213168,0.111111111111111,12,"rate (k)","d-1","observational","field","aquatic","stream","Portugal",26,"Alnus glutinosa","broad leaves","10","single point in time","small","eutrophication",NA,"yes","resource",-0.264616799520785,-1.87405471195489,1.6094379124341,"litterbag","A","DFW","invertebrates","taxa richness","no./g AFDM","Hedge's d","SD not imputed","SD not imputed"
"136",153,153.3,0.35049781171928,0.111111111111111,12,"rate (k)","d-1","observational","field","aquatic","stream","Portugal",26,"Alnus glutinosa","broad leaves","10","single point in time","small","eutrophication",NA,"yes","resource",-0.225396086367504,-2.38488033572088,2.15948424935338,"litterbag","A","DFW","invertebrates","taxa richness","no./g AFDM","Hedge's d","SD not imputed","SD not imputed"
"137",153,153.4,1.02866441066255,0.111111111111111,12,"rate (k)","d-1","observational","field","aquatic","stream","Portugal",22,"Alnus glutinosa","broad leaves","10","single point in time","small","eutrophication",NA,"yes","resource",-0.0177974390305808,-3.28629850118564,3.26850106215506,"litterbag","A","DFW","invertebrates","taxa richness","no./g AFDM","Hedge's d","SD not imputed","SD not imputed"
"138",153,153.5,0.104788669181699,0.111111111111111,12,"rate (k)","d-1","observational","field","aquatic","stream","Portugal",22,"Alnus glutinosa","broad leaves","10","single point in time","small","eutrophication",NA,"yes","resource",0.541859066346164,-0.710903902149204,1.25276296849537,"litterbag","A","DFW","invertebrates","taxa richness","no./g AFDM","Hedge's d","SD not imputed","SD not imputed"
"139",153,153.1,0.326514447108856,0.111111111111111,12,"rate (k)","d-1","observational","field","aquatic","stream","Portugal",57,"Quercus robur","broad leaves","10","single point in time","small","eutrophication",NA,"yes","resource",-0.116196794402512,-1.69173315516093,1.57553636075842,"litterbag","A","DFW","invertebrates","taxa richness","no./g AFDM","Hedge's d","SD not imputed","SD not imputed"
"140",153,153.2,0.789007799563512,0.111111111111111,12,"rate (k)","d-1","observational","field","aquatic","stream","Portugal",57,"Quercus robur","broad leaves","10","single point in time","small","eutrophication",NA,"yes","resource",-0.264616799520785,-1.87405471195489,1.6094379124341,"litterbag","A","DFW","invertebrates","taxa richness","no./g AFDM","Hedge's d","SD not imputed","SD imputed"
"141",153,153.3,0.595535595123115,0.111111111111111,12,"rate (k)","d-1","observational","field","aquatic","stream","Portugal",57,"Quercus robur","broad leaves","10","single point in time","small","eutrophication",NA,"yes","resource",-0.225396086367504,-2.38488033572088,2.15948424935338,"litterbag","A","DFW","invertebrates","taxa richness","no./g AFDM","Hedge's d","SD not imputed","SD not imputed"
"142",153,153.4,0.976051873404622,0.111111111111111,12,"rate (k)","d-1","observational","field","aquatic","stream","Portugal",42,"Quercus robur","broad leaves","10","single point in time","small","eutrophication",NA,"yes","resource",-0.0177974390305808,-3.28629850118564,3.26850106215506,"litterbag","A","DFW","invertebrates","taxa richness","no./g AFDM","Hedge's d","SD not imputed","SD not imputed"
"143",153,153.5,0.572005587033023,0.111111111111111,12,"rate (k)","d-1","observational","field","aquatic","stream","Portugal",42,"Quercus robur","broad leaves","10","single point in time","small","eutrophication",NA,"yes","resource",0.541859066346164,-0.710903902149204,1.25276296849537,"litterbag","A","DFW","invertebrates","taxa richness","no./g AFDM","Hedge's d","SD not imputed","SD not imputed"
"144",276,276.1,0.053474832838628,0.2,8,"dry mass remaining","%","experimental","mesocosms","aquatic","rainforest stream","Australia",44,"Freycenetia scandens","broad leaves","1","single point in time","middle","nutrient enrichment",NA,"yes","resource",1.88894667419672,-2.30258509299405,4.19153176719077,"channel","A","W","invertebrates","taxa richness","no./sample","Hedge's d","SD not imputed","SD not imputed"
"145",276,276.1,-0.136913787123344,0.2,8,"dry mass remaining","%","experimental","mesocosms","aquatic","rainforest stream","Australia",44,"Freycenetia scandens","broad leaves","1","single point in time","middle","nutrient enrichment",NA,"yes","resource",1.88894667419672,-2.30258509299405,4.19153176719077,"channel","A","W","invertebrates","Evenness","H/Hmax/sample","Hedge's d","SD not imputed","SD not imputed"
"146",276,276.1,-0.215485161488039,0.2,8,"dry mass remaining","%","experimental","mesocosms","aquatic","rainforest stream","Australia",44,"Freycenetia scandens","broad leaves","1","single point in time","middle","nutrient enrichment",NA,"yes","resource",1.88894667419672,-2.30258509299405,4.19153176719077,"channel","A","W","invertebrates","Shannon index","H/sample","Hedge's d","SD not imputed","SD not imputed"
"147",97,97.1,-2.35903243944684,0.2,8,"rate (k)","d-1","observational","field","aquatic","stream","Portugal",54,"Alnus glutinosa","broad leaves","0.5","single point in time",NA,"nutrient enrichment",NA,"yes","stressors, resources",4.61135104506317,-2.55876849838646,7.17011954344963,"leaf discs","M","D","fungi","taxa richness","no./sample","Hedge's d","SD not imputed","SD not imputed"
"148",97,97.1,-1.62453763945668,0.2,8,"rate (k)","d-1","observational","field","aquatic","stream","Portugal",54,"Alnus glutinosa","broad leaves","0.5","single point in time",NA,"nutrient enrichment",NA,"yes","stressors, resources",4.61135104506317,-2.55876849838646,7.17011954344963,"leaf discs","M","D","fungi","Shannon index","per sample","Hedge's d","SD not imputed","SD not imputed"
"149",154,154.1,1.08893455848328,0.0769230769230769,16,"rate (k)","d-1","experimental","field","aquatic","stream","USA",225,"Acer rubrum","broad leaves",NA,"mean richness over 7 to 9 sampling dates",NA,"nutrient enrichment",NA,"yes","resource",0.0428679002271759,-2.0971982632691,2.14006616349628,"litterbag","M","D","fungi","taxa richness","per composite sample","Hedge's d","SD not imputed","SD not imputed"
"150",154,154.1,0.80820769837501,0.0666666666666667,18,"rate (k)","d-1","experimental","field","aquatic","stream","USA",225,"Rhododendron maximum","broad leaves",NA,"mean richness over 7 to 9 sampling dates",NA,"nutrient enrichment",NA,"yes","resource",0.0428679002271759,-2.0971982632691,2.14006616349628,"litterbag","M","D","fungi","taxa richness","per composite sample","Hedge's d","SD not imputed","SD not imputed"
"151",245,245.1,-0.843393652154226,0.0222222222222222,48,"rate (k)","d-1","observational","field","aquatic","stream","Portugal",84,"Eucalyptus globulus","broad leaves","10","8 sampling dates over 84 days",NA,"nutrient enrichment",NA,"yes","stressors, resources",2.69029347951295,1.30399911839306,1.38629436111989,"litterbag","A","DFW","invertebrates","taxa richness","ind./bag","Hedge's d","SD imputed","SD imputed"
"152",245,245.1,-1.58013708805345,0.0222222222222222,48,"rate (k)","d-1","observational","field","aquatic","stream","Portugal",84,"Eucalyptus globulus","broad leaves","10","8 sampling dates over 84 days",NA,"nutrient enrichment",NA,"yes","stressors, resources",2.69029347951295,1.30399911839306,1.38629436111989,"litterbag","A","DFW","invertebrates","Shannon index","per bag","Hedge's d","SD imputed","SD imputed"
"153",245,245.1,-0.404576236330644,0.0222222222222222,48,"rate (k)","d-1","observational","field","aquatic","stream","Portugal",84,"Eucalyptus globulus","broad leaves","10","8 sampling dates over 84 days",NA,"nutrient enrichment",NA,"yes","stressors, resources",2.69029347951295,1.30399911839306,1.38629436111989,"leaf discs","M","D","fungi","taxa richness","per bag","Hedge's d","SD imputed","SD imputed"
"154",245,245.1,-0.286914997021452,0.0222222222222222,48,"rate (k)","d-1","observational","field","aquatic","stream","Portugal",84,"Eucalyptus globulus","broad leaves","0.5","8 sampling dates over 84 days",NA,"nutrient enrichment",NA,"yes","stressors, resources",2.69029347951295,1.30399911839306,1.38629436111989,"leaf discs","M","D","fungi","taxa richness","per bag","Hedge's d","SD imputed","SD imputed"
"155",245,245.1,-0.35088339413707,0.0222222222222222,48,"rate (k)","d-1","observational","field","aquatic","stream","Portugal",84,"Eucalyptus globulus","broad leaves","10","8 sampling dates over 84 days",NA,"nutrient enrichment",NA,"yes","stressors, resources",2.69029347951295,1.30399911839306,1.38629436111989,"leaf discs","M","D","fungi","Shannon index","per bag","Hedge's d","SD imputed","SD imputed"
"156",245,245.1,-0.633638524921199,0.0222222222222222,48,"rate (k)","d-1","observational","field","aquatic","stream","Portugal",84,"Eucalyptus globulus","broad leaves","0.5","8 sampling dates over 84 days",NA,"nutrient enrichment",NA,"yes","stressors, resources",2.69029347951295,1.30399911839306,1.38629436111989,"leaf discs","M","D","fungi","Shannon index","per bag","Hedge's d","SD imputed","SD imputed"
"157",113,113.1,-1.14064765646683,0.111111111111111,12,"rate (k)","d-1","observational","field","aquatic","mountain stream","Spain",42,"Populus nigra x canadensis","wooden sticks",NA,"single point in time","large","wastewater",NA,"yes","stressors, resources",-0.2484613592985,-1.6094379124341,1.3609765531356,"Surber sampler","A","W","invertebrates","taxa richness","no./sample","Hedge's d","SD not imputed","SD not imputed"
"158",113,113.1,-1.09273267582924,0.111111111111111,12,"rate (k)","d-1","observational","field","aquatic","mountain stream","Spain",42,"Populus nigra x canadensis","wooden sticks",NA,"single point in time","large","wastewater",NA,"yes","stressors, resources",0.970778917158225,-1.6094379124341,2.58021682959233,"Surber sampler","A","W","invertebrates","taxa richness","no./sample","Hedge's d","SD not imputed","SD not imputed"
"159",113,113.1,-1.25446434691784,0.111111111111111,12,"rate (k)","d-1","observational","field","aquatic","mountain stream","Spain",42,"Populus nigra x canadensis","wooden sticks",NA,"single point in time","large","wastewater",NA,"yes","stressors, resources",-0.2484613592985,-1.6094379124341,1.3609765531356,"Surber sampler","A","bioindicators","EPT","taxa richness","no./sample","Hedge's d","SD not imputed","SD not imputed"
"160",113,113.1,-1.75806523836072,0.111111111111111,12,"rate (k)","d-1","observational","field","aquatic","mountain stream","Spain",42,"Populus nigra x canadensis","wooden sticks",NA,"single point in time","large","wastewater",NA,"yes","stressors, resources",0.970778917158225,-1.6094379124341,2.58021682959233,"Surber sampler","A","bioindicators","EPT","taxa richness","no./sample","Hedge's d","SD not imputed","SD not imputed"
"161",171,171.1,-0.671197270815817,0.333333333333333,6,"rate (k)","d-1","observational","field","aquatic","stream","USA",28,"Salix sp.","broad leaves","5","single point in time",NA,"nutrient enrichment",NA,"yes","stressors, resources",-0.513078158819284,-0.487760350834995,-0.025317807984289,"artificial substrate baskets","A","W","invertebrates","taxa richness","no./sample","Hedge's d","SD not imputed","SD not imputed"
"162",171,171.1,-0.751339447893348,0.333333333333333,6,"rate (k)","d-1","observational","field","aquatic","stream","USA",28,"Salix sp.","broad leaves","5","single point in time",NA,"nutrient enrichment",NA,"yes","stressors, resources",3.65547811541347,-0.487760350834995,4.14323846624846,"artificial substrate baskets","A","W","invertebrates","taxa richness","no./sample","Hedge's d","SD not imputed","SD not imputed"
"163",171,171.1,-0.49177952266981,0.333333333333333,6,"rate (k)","d-1","observational","field","aquatic","stream","USA",28,"Salix sp.","broad leaves","5","single point in time",NA,"nutrient enrichment",NA,"yes","stressors, resources",-0.513078158819284,-0.487760350834995,-0.025317807984289,"artificial substrate baskets","A","bioindicators","EPT","taxa richness","no./sample","Hedge's d","SD not imputed","SD not imputed"
"164",171,171.1,-1.15440345885099,0.333333333333333,6,"rate (k)","d-1","observational","field","aquatic","stream","USA",28,"Salix sp.","broad leaves","5","single point in time",NA,"nutrient enrichment",NA,"yes","stressors, resources",3.65547811541347,-0.487760350834995,4.14323846624846,"artificial substrate baskets","A","bioindicators","EPT","taxa richness","no./sample","Hedge's d","SD not imputed","SD not imputed"
"165",235,235.1,0,0.333333333333333,6,"mass loss","% initial mass lost","experimental","mesocosms/experimental channels","aquatic","stream","New Zealand",18,"Melicytus ramiflorus (fast decomposing)","broad leaves","leaf pack, no mesh","single point in time","small","nutrient enrichment",NA,"yes","resource",0.467751094192442,-2.38488033572088,2.85263142991332,"litterbag","A","DFW","invertebrates","taxa richness","taxa per leaf pack","Hedge's d","SD not imputed","SD not imputed"
"166",235,235.1,-0.280422633994444,0.333333333333333,6,"mass loss","% initial mass lost","experimental","mesocosms/experimental channels","aquatic","stream","New Zealand",18,"Melicytus ramiflorus (fast decomposing)","broad leaves","leaf pack, no mesh","single point in time","small","nutrient enrichment",NA,"yes","resource",2.08866140778878,-2.38488033572088,4.47354174350966,"litterbag","A","DFW","invertebrates","taxa richness","taxa per leaf pack","Hedge's d","SD not imputed","SD not imputed"
"167",235,235.1,-0.250124748220042,0.333333333333333,6,"mass loss","% initial mass lost","experimental","mesocosms/experimental channels","aquatic","stream","New Zealand",18,"Melicytus ramiflorus (fast decomposing)","broad leaves","leaf pack, no mesh","single point in time","small","nutrient enrichment",NA,"yes","resource",0.467751094192442,-2.38488033572088,2.85263142991332,"litterbag","A","bioindicators","EPT","taxa richness","taxa per leaf pack","Hedge's d","SD not imputed","SD not imputed"
"168",235,235.1,-0.332202756407322,0.333333333333333,6,"mass loss","% initial mass lost","experimental","mesocosms/experimental channels","aquatic","stream","New Zealand",18,"Melicytus ramiflorus (fast decomposing)","broad leaves","leaf pack, no mesh","single point in time","small","nutrient enrichment",NA,"yes","resource",2.08866140778878,-2.38488033572088,4.47354174350966,"litterbag","A","bioindicators","EPT","taxa richness","taxa per leaf pack","Hedge's d","SD not imputed","SD not imputed"
"169",297,297.1,-0.0479435114963847,0.2,8,"rate (k)","d-1","observational","field","aquatic","lentic: reservoir","Brazil",60,"Eichhornia crassipes","broad leaves","10","single point in time",NA,"eutrophication",NA,"probably","stressors, resources",1.55225361590626,-1.58085045558219,3.13310407148845,"litterbag","A","DFW","invertebrates","taxa richness","no./bag","Hedge's d","SD not imputed","SD not imputed"
"170",297,297.1,-0.0810288002286799,0.2,8,"rate (k)","d-1","observational","field","aquatic","lentic: reservoir","Brazil",105,"Typha domingensis","broad leaves","10","single point in time",NA,"eutrophication",NA,"probably","stressors, resources",1.55225361590626,-1.58085045558219,3.13310407148845,"litterbag","A","DFW","invertebrates","taxa richness","no./bag","Hedge's d","SD not imputed","SD not imputed"
"171",297,297.1,-0.803227778762799,0.2,8,"rate (k)","d-1","observational","field","aquatic","lentic: reservoir","Brazil",60,"Eichhornia crassipes","broad leaves","10","single point in time",NA,"eutrophication",NA,"probably","stressors, resources",1.55225361590626,-1.58085045558219,3.13310407148845,"litterbag","A","DFW","invertebrates","Shannon index","per bag","Hedge's d","SD not imputed","SD not imputed"
"172",297,297.1,-0.441352885778441,0.2,8,"rate (k)","d-1","observational","field","aquatic","lentic: reservoir","Brazil",105,"Typha domingensis","broad leaves","10","single point in time",NA,"eutrophication",NA,"probably","stressors, resources",1.55225361590626,-1.58085045558219,3.13310407148845,"litterbag","A","DFW","invertebrates","Shannon index","per bag","Hedge's d","SD not imputed","SD not imputed"
"173",297,297.1,-0.880378751688596,0.2,8,"rate (k)","d-1","observational","field","aquatic","lentic: reservoir","Brazil",60,"Eichhornia crassipes","broad leaves","10","single point in time",NA,"eutrophication",NA,"probably","stressors, resources",1.55225361590626,-1.58085045558219,3.13310407148845,"litterbag","A","DFW","invertebrates","Evenness","per bag","Hedge's d","SD not imputed","SD not imputed"
"174",297,297.1,-0.404698143720816,0.2,8,"rate (k)","d-1","observational","field","aquatic","lentic: reservoir","Brazil",105,"Typha domingensis","broad leaves","10","single point in time",NA,"eutrophication",NA,"probably","stressors, resources",1.55225361590626,-1.58085045558219,3.13310407148845,"litterbag","A","DFW","invertebrates","Evenness","per bag","Hedge's d","SD not imputed","SD not imputed"
